id,efftreat
7878,5
3224,0
1919,0
4432,0
4835,2
4895,0
7269,5
1451,0
1742,5
4628,5
7053,0
3634,4
3215,5
3707,0
7066,0
2965,2
8644,4
6469,5
8921,5
1254,0
7356,5
180,0
2167,1
5975,0
2105,1
7054,0
6145,2
2929,0
5460,5
6810,0
8500,0
801,5
2024,0
1345,0
3279,5
554,5
946,2
5165,0
1906,0
1713,0
1297,0
4588,3
4236,4
338,5
2628,5
3340,5
7570,5
1810,5
127,0
3709,4
6067,5
9117,5
7941,0
7013,5
7521,0
975,0
5286,5
301,5
400,5
1278,0
8131,4
9253,5
8256,0
9561,5
5844,0
1371,0
1189,5
2207,5
2113,0
7023,5
7650,5
7931,4
9288,0
4072,5
2877,5
617,0
7948,5
2942,5
1219,0
4801,5
5097,5
8433,4
9721,5
1800,5
9355,5
4140,0
1367,0
5425,5
110,2
4854,5
1339,0
8482,0
7542,0
749,0
2245,5
8223,4
7145,0
7062,0
6329,0
6632,5
616,5
1751,0
3230,5
9460,0
3901,1
1496,5
1282,5
7016,5
9057,5
8135,0
8686,0
793,5
8881,5
188,5
2427,0
3307,0
7509,5
5199,5
6313,4
5218,2
3343,0
9572,0
2750,5
6762,5
3704,2
3416,5
2352,5
5521,5
1446,5
6873,4
5130,5
8767,0
2018,5
3227,0
2140,0
4161,5
2596,0
6084,1
7781,5
3938,0
1460,1
6574,0
659,0
1568,5
8581,5
8480,5
4220,5
213,0
791,0
740,1
6784,5
7576,0
184,5
739,0
6049,0
5863,5
5147,0
6777,5
1667,4
8759,5
2091,0
5077,5
5241,4
7823,5
9784,2
6248,5
39,5
9764,4
577,0
8304,5
3470,5
7298,5
5161,4
2204,0
2541,4
2279,1
7156,5
2319,0
6074,4
9350,5
4614,5
6778,0
2241,2
3926,5
925,5
6767,0
1778,5
8422,0
9359,5
2870,5
4053,0
5449,1
1210,0
3015,1
6982,5
7111,5
8132,0
7539,0
9885,0
9994,5
2126,1
2941,5
8849,2
7204,0
3191,4
2809,0
9699,4
9522,1
9409,0
3070,1
7115,0
8165,4
8954,5
3547,5
2649,5
2066,5
3424,0
4742,5
249,5
1357,5
1289,5
753,0
4413,5
8152,1
8498,1
5057,2
2389,0
849,5
9451,5
7283,1
3289,5
3041,5
5719,0
6835,5
2312,5
2083,5
1285,2
9109,5
489,0
9566,0
6206,2
5392,4
9588,5
816,5
2655,5
3290,0
8386,0
7704,1
1737,0
2568,4
7069,5
640,5
650,0
7271,2
3509,0
7852,4
5062,1
8495,5
4691,2
5787,0
6314,5
8526,0
1154,5
4490,5
3558,4
5533,0
394,5
4231,0
2765,4
246,0
7892,5
2136,5
6316,5
8195,0
7309,1
4767,0
3035,5
5727,1
7364,5
3390,0
2910,5
2802,2
5402,5
9766,0
6809,0
1123,0
2796,5
7360,5
3609,0
8872,2
9657,0
4449,5
3088,0
895,2
9602,5
5671,4
6241,5
8018,5
7632,0
7623,3
8782,5
1031,4
6017,5
7082,5
9810,0
6824,0
5206,0
8261,5
1185,5
7618,0
7764,0
6756,5
3860,4
222,4
2131,0
1382,5
727,5
9724,0
7052,4
8384,5
1205,0
4096,5
4627,4
6310,5
2591,5
3338,4
7600,0
7987,5
5274,5
1608,1
9892,0
7503,0
7956,2
4757,0
9170,0
4905,2
4403,4
3344,0
4191,0
2529,0
2448,0
4740,3
1276,0
230,5
3291,1
8927,5
5111,5
3831,0
4090,4
4852,4
1796,0
612,4
5263,5
9910,1
8651,0
9367,5
7529,2
937,5
7912,4
7175,5
6405,5
8680,5
7849,5
221,5
2604,5
4600,5
9286,4
1613,0
3600,5
3513,0
7157,0
1578,4
4745,4
7590,5
4886,0
4866,5
7787,5
4564,0
2838,0
5672,2
3914,5
5673,1
1962,5
1147,0
9487,0
3357,5
2848,0
7879,5
3518,0
2569,1
689,0
5248,5
6112,0
7494,0
8349,5
2249,0
3560,5
4717,5
1396,2
4131,5
6926,5
3961,5
6937,5
7792,4
379,5
4407,5
9757,5
8423,5
8459,0
1552,5
876,5
9043,5
2273,0
5121,2
1629,5
9754,4
8368,5
3323,5
1939,5
4619,5
3729,0
275,0
6556,4
5214,0
7226,3
7410,0
2177,5
3017,0
7888,4
94,0
2354,0
5810,0
5152,1
6811,4
3098,0
3626,0
1549,5
4182,4
8130,0
610,5
5495,5
7034,5
5518,0
6176,0
6440,2
9958,0
7805,4
194,2
2411,0
8011,5
6666,4
3848,0
5318,1
7766,4
5603,0
2537,5
3276,5
4228,5
5243,0
2003,0
54,5
1711,0
8291,0
1128,5
7284,4
4958,0
4883,0
2030,5
8473,5
3773,5
9630,2
9961,5
8265,0
7435,5
5984,5
4238,4
1196,5
32,0
509,5
4401,4
5641,0
7236,5
4653,2
2057,5
1560,0
9210,5
5546,5
3145,4
1576,4
9353,0
9327,0
319,0
786,5
9447,5
5736,5
860,0
3320,5
9183,5
2499,0
120,5
3319,5
4265,5
6558,0
1678,0
9648,5
6686,4
1707,5
8863,5
4843,5
3842,0
6789,4
2728,1
8255,5
6750,5
4206,4
4445,0
1344,5
810,0
3944,2
1817,5
6951,5
6339,0
8402,5
9788,0
2553,5
7974,5
712,1
3408,1
8795,5
6953,1
2622,0
1008,5
2592,5
1142,5
7741,0
8558,2
1228,1
6162,4
1695,2
4037,1
3677,0
4937,4
2171,2
9609,0
6798,4
7220,2
8403,0
9247,3
4715,5
5523,5
7739,5
3550,1
1504,5
1455,5
2731,0
4747,0
9940,0
7322,0
2902,5
6868,1
7314,4
8804,5
686,5
7842,0
9217,5
2085,5
130,0
4922,5
9191,0
172,0
2603,5
103,2
2152,0
3079,4
5735,5
5770,4
3316,5
2805,4
2176,5
144,5
6836,5
5619,3
7075,0
8049,4
1901,5
2945,0
3796,4
5271,0
2513,0
7280,0
1054,2
9343,0
5484,0
8454,2
2114,0
8787,5
6593,5
1525,0
1351,5
4055,0
1440,5
6813,0
9785,0
3118,0
1619,0
6278,5
6287,3
7951,1
7996,0
584,0
9439,0
460,2
5217,5
2254,5
5141,2
9897,4
5840,5
4477,0
4194,5
1563,0
9490,4
5149,0
7677,5
4363,5
9177,0
991,4
8580,0
3324,5
2118,5
6618,4
8941,5
2899,5
424,4
4491,4
9399,5
6641,5
9759,5
1685,0
4214,0
3577,2
6467,0
109,5
7718,5
9039,0
6267,0
6888,5
4537,5
9744,5
582,0
231,4
7116,0
135,4
62,1
9586,5
148,5
6763,0
281,0
6568,5
5855,5
3409,5
8685,4
6286,5
6255,0
6357,0
7035,5
6555,1
4473,0
9100,0
2014,2
8430,0
1511,5
9974,1
4553,5
2289,0
709,0
426,4
7170,5
9537,0
2920,5
454,0
505,4
4725,0
2959,4
7448,1
5364,0
3819,4
5278,0
495,5
9231,5
6954,0
8620,4
7880,0
6660,5
4374,0
9814,1
3955,5
6864,1
7970,0
4811,0
1461,5
1177,5
5721,0
4353,5
8024,0
6021,5
3240,5
4929,1
1606,5
2689,0
8984,5
6979,1
9164,5
7820,5
4864,0
8998,0
3201,4
8969,0
2069,4
6125,4
7464,2
9380,0
980,5
1259,0
1156,5
5013,2
9947,5
3043,0
3236,0
700,0
1223,0
4376,2
7263,5
3061,4
9324,5
1164,5
6706,0
6325,5
8032,5
2917,4
3845,4
3524,5
5829,4
6092,5
2073,5
2914,5
5078,5
1516,2
2998,5
9873,5
6185,5
5283,0
6733,0
1801,5
198,0
6052,5
986,0
9116,5
7847,5
5651,1
9112,5
2397,0
1304,0
1546,5
9262,0
5052,5
4679,0
4686,4
4086,4
9944,0
9241,5
30,5
3165,5
3675,0
8270,0
7510,5
8840,5
6482,2
8213,2
5596,0
2333,5
1246,1
2377,0
8119,0
8282,5
2739,4
6495,1
1030,5
6407,0
6080,1
6595,2
7800,5
8441,0
4529,0
1736,5
8608,5
5143,5
259,5
7801,5
4006,5
1657,5
6994,5
4683,0
3652,4
2376,0
649,0
8078,0
7887,4
5952,5
5022,0
3829,5
3809,0
4251,4
5447,2
6226,0
2027,0
369,0
1915,5
2847,0
1195,2
748,0
8924,0
6294,5
4940,5
2476,5
7770,5
5746,4
8352,5
723,5
9596,1
4481,5
3621,1
7197,1
5060,5
8496,0
1699,5
9479,5
5343,0
2062,0
7594,5
2123,5
3822,4
2483,5
5640,5
4910,5
5014,5
7991,5
4870,2
7828,0
8281,0
9133,4
8507,0
207,0
5528,0
5176,5
7699,2
8224,5
5493,5
3249,0
4800,5
3659,0
7051,5
8295,0
8189,0
8253,5
9176,5
2461,5
1594,1
742,5
2195,5
3817,5
7108,0
8465,4
5361,0
8439,4
570,0
7087,5
6515,5
6678,5
2951,5
2166,0
2583,0
5445,5
7070,2
2843,5
8312,4
3899,5
2404,5
4667,5
8786,5
7993,5
6421,5
37,2
5064,0
3608,0
3131,5
4538,0
7297,5
9865,4
9208,0
168,5
1462,0
6326,5
2493,0
3455,0
1501,5
8592,0
6879,0
1333,4
1873,5
9017,0
4047,5
9318,5
7071,5
1887,5
9127,0
4151,5
8462,5
4181,5
2822,0
3830,0
2058,4
145,5
6677,5
4970,5
4126,0
3454,0
5642,0
3789,0
5256,5
9914,0
3735,2
1957,5
1806,5
1051,5
1103,5
5053,2
9478,0
4736,5
8571,0
5170,5
8411,0
2405,3
8044,5
3325,5
2344,5
5196,2
586,5
9702,0
6524,0
3440,5
6918,5
7339,0
8583,4
6875,5
2512,5
4454,5
2862,0
4813,0
3133,5
4300,0
8995,5
4885,5
6414,2
6944,0
8424,5
7845,5
3339,0
5970,0
5477,0
418,5
2277,5
9621,0
9650,0
9214,0
6009,4
2380,0
1201,5
4751,0
6634,0
3144,0
1415,0
9199,5
8514,5
1783,0
5301,5
822,0
7351,0
4464,5
5284,4
2008,5
9419,5
9308,5
2129,5
959,0
1211,1
4241,0
4949,5
3069,4
4100,4
7101,0
4480,5
3373,0
5861,5
8201,4
273,5
3997,2
3450,0
2916,0
4166,5
5925,0
7231,5
4941,0
4029,5
7434,5
9665,4
5219,2
9823,0
7670,1
7485,5
4556,0
1551,5
5769,5
427,0
6523,1
3148,0
3906,5
9408,4
7332,4
7564,4
6087,5
7636,4
642,0
193,4
911,0
2797,4
4136,4
9682,0
3832,0
5108,4
9163,5
8822,5
7391,5
8575,0
9532,0
9385,1
2552,5
1080,5
8153,5
1818,1
2402,0
9495,1
592,2
8742,5
8956,5
7466,0
7436,0
8104,2
9711,5
2262,5
7030,1
6212,0
3570,0
1411,4
7688,5
5969,5
4071,5
3286,0
9390,1
7798,5
3164,0
3056,0
9709,0
5943,5
4398,4
3481,5
7214,5
1097,2
8845,4
4517,1
6617,4
5380,4
2546,1
20,0
2417,4
7527,5
1182,0
7337,0
6019,0
3821,5
4944,5
2935,0
5072,5
8691,0
5387,5
7450,0
7960,0
889,0
5902,5
1935,4
6801,5
174,5
6302,0
1315,5
4814,5
5634,5
2995,0
6420,5
5324,0
1652,5
8144,0
3073,0
2039,5
6854,5
1237,2
2741,5
9489,0
754,0
5252,5
2709,5
7869,0
613,2
8027,0
6674,5
9604,5
8209,2
3880,0
4426,0
9075,5
3311,5
3486,5
3466,0
7329,0
1353,0
6796,0
743,5
2132,0
7067,4
4682,1
4859,5
6450,5
5715,0
7864,1
1006,5
4091,0
545,0
972,0
422,5
3094,0
4304,0
1988,5
6983,4
1958,2
3972,5
2428,4
7945,5
4664,1
9249,0
5211,5
6604,5
826,5
4739,5
6690,5
3667,0
7943,0
3498,5
4211,0
8179,5
7342,5
7629,5
1023,5
6968,0
1260,5
2562,1
5647,0
5221,0
5622,5
7763,0
9422,5
3272,5
9502,0
3697,5
828,0
4604,5
4448,2
7232,5
4201,5
2393,5
585,5
1987,0
6369,5
1244,0
2853,5
701,5
9254,5
5839,0
7663,5
9926,5
8596,0
9267,5
3941,5
4032,0
3011,0
8663,0
5084,5
3795,0
4369,5
2726,5
3686,0
5625,0
4082,2
4359,0
9051,5
8004,5
7369,0
3181,5
3721,5
1252,5
8789,1
9972,5
7239,0
3930,0
7044,0
1033,0
3248,4
8467,0
5543,0
573,0
8497,1
1734,5
3887,0
4242,0
5381,5
2139,5
3884,1
5027,0
4324,0
7655,0
1682,1
4908,0
8000,5
7248,5
8943,0
294,5
2323,5
3198,0
9083,5
9115,5
2327,5
4377,0
595,0
678,5
744,4
4915,4
1400,4
6540,0
8639,5
9053,0
2440,4
6530,0
6320,0
239,5
7773,5
5868,0
8244,5
8957,5
798,5
5627,0
1630,1
5846,5
5026,0
9459,4
7591,4
5665,5
2339,4
4456,0
5676,4
7142,0
3919,5
8848,0
8230,5
8844,0
8618,5
1863,5
7908,5
1281,5
5565,0
8763,0
7723,5
1638,4
3479,5
7545,5
3,0
9012,5
9902,5
6453,5
866,2
1322,0
2589,5
2808,5
5962,0
7648,5
1215,5
3125,5
7352,4
7694,0
181,5
4373,5
9748,5
5654,5
8320,5
6843,0
625,5
8337,2
3371,5
4417,0
2521,0
6036,4
684,1
8858,5
3442,0
6098,2
3690,5
8829,1
9341,4
1209,0
5090,5
1932,0
7229,0
8031,5
713,5
1409,5
5552,0
7365,0
3267,0
8765,2
1558,5
3047,0
6507,4
5266,5
2803,5
1562,1
1381,5
1785,4
6724,5
4755,5
8652,5
1104,4
7546,5
4366,5
6441,5
2846,2
9412,5
1542,2
5412,5
7477,0
5604,2
88,0
7565,0
1484,5
3203,0
9375,4
2015,0
4795,5
5712,0
5160,0
1494,0
7586,0
9016,5
4507,4
2746,1
7807,5
6783,5
6605,5
1457,5
1434,0
2973,0
9753,4
2184,5
9054,5
9297,5
9701,5
993,0
5605,0
7200,5
392,0
8551,5
2538,1
5076,0
9999,0
1815,2
5244,0
2052,5
862,5
8718,1
3342,5
3592,4
261,0
606,4
8517,0
8413,5
1715,5
3905,1
4068,0
5023,1
8568,0
8521,1
240,0
4773,0
8820,5
885,5
7068,4
8001,5
9697,4
8029,4
1589,1
5812,5
4031,0
6134,5
8484,0
8737,5
9969,5
774,5
5689,5
1145,0
6005,1
4900,0
6513,4
8993,2
6303,5
1432,4
2687,5
6367,5
3091,0
6649,4
9676,0
1380,0
1536,0
9188,5
5591,0
3415,5
6681,1
1656,5
9675,5
6670,1
8220,4
5374,0
2436,5
9916,5
4045,4
5789,4
5539,5
6764,5
857,5
7922,5
5051,5
2130,4
825,5
9797,2
1702,5
3604,0
1591,5
6570,5
1402,5
671,0
6683,1
182,0
3523,1
9024,5
4483,0
7665,0
5655,5
4587,2
5617,1
8715,5
9839,0
2119,4
2200,5
2517,5
9883,0
461,5
9962,5
9990,5
5192,0
3777,5
8400,0
5452,5
3149,1
57,0
4706,1
8725,5
5932,0
4494,0
1064,5
9987,4
9849,5
3936,0
821,5
2416,0
1346,0
1336,5
3701,0
4498,2
9740,5
4738,5
5378,5
7310,0
8869,0
2101,5
668,0
5556,5
966,0
3828,5
1218,4
8563,1
8276,5
2218,5
721,2
9263,5
5101,0
3022,2
7949,4
8453,5
2234,4
9964,0
8347,2
2730,0
6851,5
5911,5
9533,5
9181,0
6745,5
9571,5
81,5
2367,5
909,5
6880,0
9515,5
5802,0
6834,5
9196,0
6142,5
904,5
9212,0
5554,5
4178,0
7860,0
9575,4
4512,0
6959,0
4235,4
2491,5
7098,4
2710,0
3394,1
1956,5
2869,5
3251,0
9570,5
4016,5
2353,2
7910,0
1978,0
3200,4
3798,5
472,0
4361,5
4674,5
9592,1
4579,4
7461,0
1112,0
5695,1
9194,4
4764,0
6752,0
2233,0
61,0
9705,5
1171,5
7244,4
8538,5
2647,5
6437,2
1583,5
567,0
9235,1
5688,0
2303,2
4894,5
9787,1
7614,0
1221,5
900,5
4279,0
9579,5
5793,0
5824,4
4776,5
9641,0
9600,0
8612,0
5209,5
9993,5
5529,0
3040,5
2776,0
3546,0
7427,0
6445,0
4434,4
728,5
7041,0
5703,0
4618,0
3878,5
2006,5
7535,0
9316,0
79,0
6899,0
1526,5
5678,5
8346,1
5253,5
7025,4
7272,5
6543,0
3754,0
4554,0
6969,5
9296,0
762,5
9072,0
7279,2
6026,5
1924,0
6717,5
3177,0
4177,0
4935,0
7096,1
9889,5
8671,5
348,0
3875,0
1764,0
8329,0
6275,5
3889,5
1934,0
9763,5
1861,0
5601,5
2624,0
5880,5
6512,4
3392,5
3843,4
7517,0
4371,4
2766,5
3650,0
5237,0
6436,1
9234,0
2654,0
1272,4
8645,5
7180,5
8278,5
7268,5
4617,5
6977,5
1002,1
6698,5
636,0
2735,1
9828,0
5534,5
4493,5
7934,1
9881,5
5850,4
4465,0
238,1
2466,0
4309,0
4089,0
3212,5
9558,5
3869,5
8760,5
1936,5
8055,0
8595,4
1022,0
9898,5
7189,5
9527,0
5999,0
9465,0
2858,0
2887,5
68,5
9233,5
8003,0
8522,5
4545,5
4607,5
3655,0
9222,5
520,0
4433,5
503,4
4414,5
3299,0
3157,5
6024,5
5312,0
837,5
3414,0
840,0
1475,0
6995,0
143,1
3820,5
7765,0
9425,5
7106,0
2904,5
4754,1
7320,1
6785,0
8107,4
7868,5
8322,5
2329,0
6108,0
9809,0
4828,0
3540,5
3838,5
4033,0
8064,5
4803,0
8777,2
7141,5
6046,5
3892,5
3202,5
1920,0
7275,0
1144,0
5615,1
42,5
8277,0
6179,5
842,5
8479,5
3992,4
7433,5
4064,0
363,4
7840,0
8198,4
2764,0
2343,0
4287,0
9734,4
7266,4
9635,0
9467,4
7964,0
4923,0
129,5
2651,5
3786,4
2036,5
9965,0
1950,0
374,0
8690,0
3399,0
3423,4
2370,5
9236,0
3748,0
4699,2
2834,0
8997,0
9569,4
8603,5
5482,0
1521,5
6560,0
1927,5
6408,5
2125,5
7911,0
6499,4
4633,5
5207,5
9250,1
6035,0
8871,5
2763,0
5294,4
4173,0
6131,2
8743,0
5765,5
48,4
4308,2
2705,0
6635,5
8543,1
6646,5
4256,5
5547,4
4704,0
7154,0
8155,0
4930,1
5559,5
8057,0
706,5
6025,0
7668,5
8344,2
5475,0
1566,5
661,4
2980,5
1797,0
4749,5
8412,0
823,5
7125,5
1528,5
9550,5
2703,4
6806,5
3322,0
423,5
3243,5
5191,5
1871,5
7832,0
2321,5
6477,0
3187,5
8025,0
3812,2
5781,5
6463,0
4555,0
1286,0
5098,5
8516,4
5578,4
285,2
6159,0
8372,0
7697,5
403,4
6532,0
2975,0
9535,0
4116,5
7208,1
2688,0
3141,5
1105,0
7593,5
5553,5
7421,3
9476,4
4297,0
8407,5
3179,2
7980,5
761,1
6424,0
1945,0
5461,0
9986,0
831,0
3039,5
6390,5
1365,0
5892,0
9884,0
8117,4
2055,5
8196,0
7105,0
5639,5
9625,2
1660,5
9831,0
1575,0
5871,5
6448,0
521,0
3327,5
9942,0
8525,3
124,5
2330,5
3687,5
9544,0
6551,5
2712,5
7126,5
7556,4
117,0
2037,4
8681,0
4104,0
3999,5
1804,5
8215,0
3614,0
9136,5
7613,1
9980,5
3964,0
1741,0
9256,4
4997,0
4845,0
7411,0
4568,4
5957,5
9899,0
9725,5
1088,5
6054,5
5922,0
3107,4
7660,5
1422,5
340,2
4506,0
2969,0
3734,4
7373,5
4286,1
8660,5
5555,0
3533,0
8991,5
5054,4
3099,5
4748,0
9747,2
875,5
9761,0
8182,0
3363,0
2757,5
4,0
359,4
2112,0
5238,5
295,0
2588,5
1565,5
4370,0
3318,4
2063,5
6613,5
8967,4
7090,5
2238,5
9930,5
6667,2
3476,0
1616,4
7292,0
4132,4
6115,5
5399,5
2614,5
1942,4
10,0
7633,0
8971,0
6263,0
6848,5
5050,5
4001,5
2162,1
9001,0
8102,5
9073,5
8584,2
5390,4
5092,1
2964,5
8856,5
1545,0
8136,4
7768,5
7782,0
524,5
7343,5
8072,1
9090,5
2348,5
8556,5
1696,5
537,0
741,1
8097,5
8445,5
4119,0
7218,2
169,5
3245,0
5230,5
8098,1
7708,0
2150,5
622,2
6485,1
2787,4
1445,0
7925,5
2612,0
2295,0
5417,5
594,5
5872,0
9369,0
844,0
5298,5
3521,5
2780,0
5582,0
8410,5
5193,0
4303,0
1550,4
7496,0
6869,4
7333,5
1325,1
5748,0
9061,5
4275,0
2961,0
6697,4
2072,0
5423,4
7681,5
2661,0
4668,5
2356,5
373,2
2669,0
1279,5
8075,4
5930,4
663,5
3751,5
9536,5
9654,4
8118,5
288,5
8716,0
4582,5
3259,0
8909,0
694,0
8817,5
3387,5
4196,1
5873,5
6041,0
3738,5
7401,0
5814,1
9984,5
9623,0
9044,5
7480,1
8112,0
3625,5
2299,5
977,0
604,0
7790,5
8982,0
291,4
7042,4
9513,4
8145,0
7132,0
9894,0
6583,0
5146,5
1453,0
707,4
8528,5
4962,0
5809,1
1214,1
3847,0
1556,5
2361,0
3711,0
7300,5
9728,0
3002,0
8478,0
5797,5
5567,5
5584,1
1975,0
4012,0
3001,5
7107,0
916,4
7673,5
861,5
4195,5
4232,0
9218,0
5044,5
3427,5
8791,5
1691,5
2791,2
2019,5
1969,0
9845,5
7675,0
7783,5
310,5
3904,5
5572,5
5338,0
773,5
2504,0
893,5
2304,5
9269,0
3578,0
1115,0
6443,0
9908,4
8288,0
4730,5
2051,5
265,0
9932,0
1469,0
3084,5
6665,0
4280,5
1253,5
3431,0
1929,5
2922,0
185,0
3515,5
312,0
2992,5
5819,5
3025,0
1116,5
7968,0
6885,4
1199,5
179,5
8965,5
2463,5
18,2
5628,5
6727,0
579,5
5620,4
5232,4
8210,5
8547,5
4678,5
8757,4
2602,5
5717,5
367,0
6903,5
1877,5
482,0
158,0
8474,4
5557,0
9087,0
8491,5
5815,4
7884,5
6062,5
7797,5
2068,0
8427,0
4311,1
6743,0
621,5
1034,5
8886,0
9591,0
1693,5
4154,5
4681,0
1650,5
2915,0
1559,5
4013,5
7578,3
5085,0
102,0
6535,5
562,5
5832,1
9426,5
7431,4
7138,0
1290,0
3946,2
8461,5
1709,0
9435,5
6228,5
9767,2
1674,5
7202,1
8204,4
383,5
9842,0
8847,5
1226,5
735,0
7548,5
7895,5
3636,1
128,5
4050,5
5212,0
304,5
1231,0
6106,0
5489,0
4722,0
733,5
9551,2
2464,0
891,0
2611,1
8762,2
8405,5
1618,0
9946,5
8387,5
5113,5
4334,5
5973,0
8887,0
9474,0
4023,4
4036,0
1301,0
1700,5
3574,0
9074,3
258,1
8392,5
563,0
1314,1
9275,4
7374,5
9957,5
8010,0
2038,1
1944,0
8077,2
838,0
2407,4
7896,5
1610,0
6321,0
7753,0
1394,0
9371,2
3146,5
8996,4
6121,2
2090,0
3281,2
2648,4
9330,0
2274,4
5041,0
6786,4
357,5
9461,0
9406,0
4838,5
3640,5
5811,0
877,4
1490,0
9158,0
8314,5
2488,5
4143,5
186,5
5600,0
2535,0
4759,5
9833,3
6056,5
3951,0
2769,0
6922,2
7698,2
9800,5
8940,2
2077,0
4625,0
2423,0
1109,0
3193,0
7566,1
1482,5
2936,0
4227,5
5907,0
1807,1
9333,5
8884,5
8714,0
7538,4
8409,4
9918,5
8506,5
4621,0
9931,5
1752,0
2492,5
5967,4
4551,4
1239,5
2133,5
3613,0
6404,1
814,0
4638,2
9059,0
5344,5
3912,5
2313,4
1867,2
3663,5
7985,5
948,0
5362,5
3196,0
7027,4
961,0
8900,2
125,0
1577,5
9904,5
8994,0
6252,5
4281,4
8274,5
2193,5
4302,0
6371,0
819,0
5157,0
4897,5
2220,2
2296,0
8294,2
2702,4
6486,5
874,5
3651,1
5818,0
8807,0
5293,5
9589,5
5290,5
1836,0
16,5
5001,5
3003,1
4783,5
9314,1
1831,0
6931,2
3225,0
9135,1
6818,0
9548,0
5860,5
7146,0
8569,0
4904,5
377,0
8866,0
7454,5
6273,0
4680,5
1666,0
7580,0
8501,0
100,1
9821,0
2434,5
7162,5
6008,5
6380,5
3954,5
3907,4
3862,0
829,0
2713,4
6897,0
2641,5
942,5
6693,5
8287,5
297,5
5272,0
1794,4
5203,5
3733,4
9818,1
500,0
4306,5
7875,0
8013,0
2818,1
9014,4
1420,5
2004,5
5291,5
499,0
6575,5
5179,0
2531,4
6433,0
5012,0
1001,4
7658,2
3005,1
3896,0
3807,5
2878,1
6475,0
8793,5
3516,0
7955,5
764,2
4753,0
7102,5
3265,2
1884,0
9211,0
3036,4
3186,4
6308,5
1623,0
5541,0
2399,5
7745,0
9107,5
5550,4
4208,1
9938,0
1599,4
364,5
1834,0
5215,0
9511,0
6111,5
1146,2
3336,0
8289,5
3684,0
7534,5
307,0
8042,0
9060,0
8093,5
3858,0
7767,5
2753,1
2824,0
2597,0
3973,0
3335,4
4148,5
40,1
6525,1
1100,5
3160,5
6825,5
4990,4
4710,5
824,5
5720,5
9503,5
9000,0
7587,0
7549,5
5359,0
15,0
2342,0
3607,5
1698,0
7953,1
6444,0
9677,0
5752,0
9374,0
5723,4
8667,5
5443,5
6066,5
3685,5
2496,4
7341,5
22,0
220,5
9862,5
6732,0
436,5
1910,2
3572,5
2693,5
413,0
2972,5
7011,5
2768,0
9085,5
7775,0
9681,5
4057,0
5722,0
141,0
5893,4
6720,5
2175,5
1762,5
6978,5
5163,1
4546,4
7489,4
8623,5
3443,1
4536,0
336,0
1117,0
1190,0
7711,0
2859,0
2349,5
9874,0
1993,5
7441,4
9099,0
7862,0
1670,5
7124,0
9453,0
3989,5
1168,5
5516,5
1082,4
6396,5
5472,2
166,5
5610,5
5415,5
3174,5
2854,2
6360,0
7705,4
4548,2
430,5
3150,0
1963,0
9772,0
679,0
5646,5
7756,0
705,0
9776,5
5588,0
7555,5
7222,5
7975,1
202,1
7103,0
2634,5
5273,0
1058,0
9102,0
9159,0
1671,5
2209,5
7716,5
839,5
5047,0
3759,0
6342,0
7458,0
3794,0
1091,0
5222,0
6382,5
1137,4
9446,0
9875,0
3945,5
5045,5
6886,4
9201,0
5835,5
7700,0
497,2
6846,5
1010,5
4685,0
3542,0
8582,5
3749,0
3303,5
8642,5
2477,4
7961,4
7616,0
3897,5
8258,5
2142,0
9716,0
4158,0
8604,2
7696,0
913,5
7579,4
9590,0
6691,0
6598,0
9737,0
9219,5
6183,5
3553,0
5422,0
1340,0
4741,4
7007,5
9708,4
33,5
6014,5
2963,5
5439,3
2247,0
8168,0
3016,5
4924,0
4062,0
2996,5
8766,0
1202,1
1425,5
396,5
7045,5
3774,5
7858,5
1500,5
569,0
8739,0
1040,5
3223,0
6533,1
1723,5
7940,4
1383,0
8726,2
2408,5
3330,5
7293,0
5841,5
5656,5
1571,0
1972,2
4714,0
7469,0
6858,5
2840,4
8269,0
4728,4
8772,5
5333,5
3072,1
279,5
9656,5
9420,0
962,0
4606,0
9593,5
1101,5
626,2
3298,5
2925,4
5067,0
7265,5
2266,0
7810,0
2630,0
8464,1
7291,0
2890,5
8769,0
4584,5
6269,0
648,5
7958,2
368,4
2610,0
1755,5
5379,1
9539,4
5947,0
9652,5
7392,5
7706,0
4707,0
5679,4
1636,5
3746,1
1683,5
9909,0
2138,5
1395,5
9693,0
4784,3
719,1
5833,0
7089,0
7928,5
6234,0
4692,5
5049,0
5065,5
6152,5
8214,5
7540,5
3175,2
1312,0
5687,5
2261,4
45,0
437,0
907,0
7850,5
2988,5
3447,0
8509,4
9287,5
9423,0
4110,5
4840,0
2572,0
7462,5
1837,5
1300,5
2577,5
646,5
2690,0
1982,0
1894,0
327,0
4593,2
8301,4
8457,4
153,5
315,2
385,0
4792,3
6235,2
4534,1
1349,5
8727,5
1493,4
375,5
3836,5
1294,0
1267,5
9449,5
5476,5
7893,0
5828,0
4762,0
7717,0
9777,5
9470,0
3535,0
6539,0
5936,4
8963,0
3119,4
6840,5
6630,4
3783,5
3536,5
3026,5
2813,1
9712,5
5091,0
2078,4
3724,2
5753,0
4340,0
1921,5
7492,5
7205,0
777,0
8713,0
4296,0
9464,5
2450,0
3234,4
2137,5
3134,5
6238,2
4111,2
5155,0
7722,5
71,1
8883,0
688,4
4185,5
9640,0
2000,5
9608,4
2391,1
6624,5
2362,5
7690,0
3292,1
5933,5
565,5
9033,0
2056,0
6730,0
50,0
5400,5
7513,5
4562,5
8285,4
5408,1
7315,0
958,5
5883,0
7638,5
9661,5
2576,0
4986,0
2425,1
2449,0
6827,5
8275,1
2210,5
7409,5
1135,4
4899,0
5376,5
317,0
3374,5
7455,2
6483,5
4802,5
1857,0
5277,5
3844,5
6377,0
2918,0
7251,4
9514,5
2643,5
7924,5
5742,5
3575,5
7856,0
6794,5
3991,5
8692,4
4205,5
4557,5
1149,5
5866,5
765,0
2185,0
1838,5
2767,0
6961,5
6967,0
9417,4
4156,1
8293,0
2394,0
2124,0
5856,0
8836,4
4229,0
4225,4
4750,5
7755,5
1911,0
9089,5
9841,0
5156,5
5394,5
883,0
6277,5
2924,0
9261,5
171,1
8590,0
8249,5
4817,4
3635,0
7751,5
9567,0
9499,0
4981,4
3475,0
2211,0
2309,5
1879,4
83,2
9187,4
6173,0
6812,5
28,4
5205,0
269,1
6044,2
8842,0
812,5
2558,0
2896,0
463,5
8169,5
9565,5
4844,5
5398,0
6909,4
5784,0
9220,0
2013,5
9538,5
5537,0
3487,4
7456,5
6642,0
380,0
3628,3
6793,0
2046,5
1052,0
8012,0
5951,5
9082,0
5202,5
8023,5
8823,1
6653,0
4695,5
3593,5
1672,1
9954,0
2283,5
1527,5
6392,0
9141,5
3180,0
9613,4
5268,2
6772,5
4048,5
623,5
9952,5
3124,0
3194,5
1507,1
3438,2
9707,5
9689,5
9547,5
799,4
1716,0
7894,1
5843,0
6529,0
788,2
4654,5
328,4
976,1
91,5
3067,0
3372,5
3952,0
6814,0
1287,4
6863,5
7994,0
6094,0
9605,0
1832,4
6201,5
9118,0
391,5
8221,5
494,5
4892,4
5919,0
5590,0
3921,1
3937,5
6571,4
4761,0
2639,5
8942,0
5382,5
5684,5
3404,4
3057,0
8251,0
9732,5
4199,0
7667,0
6256,5
5269,0
3313,5
4850,5
3351,0
7844,5
2280,0
7550,2
4381,0
444,0
8895,0
4367,0
1853,5
4927,5
4777,5
3566,5
3579,0
2937,5
9799,5
6989,5
5242,0
11,5
8299,5
1607,5
6368,5
8252,4
8470,0
4077,5
3333,5
3723,5
8048,0
1990,5
5887,0
8834,5
311,5
3379,5
6034,0
2229,5
4820,0
1160,0
9594,0
2490,4
9867,0
9047,5
5124,5
8778,4
5005,5
4409,0
9382,5
3676,0
6673,0
7114,4
2756,5
8989,0
8311,0
8587,5
3244,0
6984,5
9041,5
9037,5
4320,0
6920,0
680,4
7577,5
7379,0
4565,5
1561,0
4718,5
2372,0
1947,5
7599,1
1236,0
60,0
3500,0
8449,0
820,0
9252,3
681,5
729,5
4282,0
1467,0
4640,0
954,5
9633,0
2563,4
8279,5
9207,5
6128,0
3646,5
5935,5
2387,5
5878,5
7508,5
7692,0
3456,5
8163,5
7429,1
6803,1
1543,5
3366,5
1089,5
1756,5
531,5
6209,0
6633,5
7640,5
5938,5
8708,5
4170,1
872,4
201,5
8728,0
6070,0
654,5
7164,5
6088,0
5992,0
9026,5
9402,0
6250,1
1183,5
1140,5
564,5
9595,0
8450,1
8035,5
4768,5
8310,0
6749,2
2852,0
7194,4
1229,4
7033,5
9323,0
6001,0
2005,0
8017,5
446,0
335,0
2971,4
3599,5
1760,5
1153,0
7305,5
1019,5
2435,5
6151,3
8460,5
4934,0
5842,5
955,3
4703,0
6770,5
5886,0
2430,5
2324,2
6163,4
9794,5
5499,5
5508,5
6456,5
7606,2
6057,0
8591,5
9485,0
1532,5
6754,5
5968,4
58,0
5177,5
2666,5
8819,5
555,0
3695,0
4233,5
6808,0
8812,0
6082,1
5693,1
4466,5
8911,0
2857,0
6012,5
480,5
8910,5
9003,5
1903,5
8688,5
7010,1
9304,0
1959,5
3304,5
118,0
8744,3
112,4
8899,0
1017,5
6103,0
7495,5
6987,2
973,3
9628,2
3631,0
3104,0
3302,5
458,4
6590,5
947,5
241,5
711,4
1816,0
9870,4
7796,0
7522,5
9378,5
5262,0
9313,5
9354,0
2452,5
4559,5
7056,4
2554,0
2064,1
3253,5
2151,5
9248,5
7267,0
4502,5
1833,0
9240,0
3097,5
1712,1
1293,4
5706,0
9782,1
1766,4
256,0
8241,5
4200,5
8466,5
5132,0
191,4
9574,1
5700,5
7422,0
1172,0
9751,4
8087,0
1161,0
7512,0
8527,0
6042,0
1968,5
8672,2
3755,5
9847,4
4539,1
9500,5
3929,5
9242,5
9450,0
4428,5
6428,4
2074,5
6950,1
4355,4
2106,5
1354,4
7359,0
9223,2
2646,5
3616,5
1946,5
3490,2
3308,5
920,1
9289,5
2032,5
5251,0
8083,5
8937,1
2940,5
8579,5
7199,5
2801,5
2481,1
8914,4
4326,4
8550,5
6702,0
2635,4
3301,5
4676,0
4760,4
8432,0
3370,0
3784,5
887,5
1547,0
5030,4
6552,5
8353,0
9618,5
8972,5
558,5
8854,0
6272,4
8455,2
5224,5
8557,5
1167,5
8903,5
9848,2
9111,0
1912,5
7649,1
1291,0
6952,0
9413,0
4190,0
290,0
6384,5
2478,5
9557,2
3159,4
7747,4
6631,5
899,0
248,5
8852,0
5734,5
2509,0
3385,0
5852,0
6713,5
855,5
7732,4
5086,0
7064,0
9564,5
6166,5
4379,5
5186,0
3314,0
4953,5
6508,5
4789,4
5459,0
208,0
1539,2
8934,5
8981,0
6823,5
6924,5
1803,5
1263,5
7190,5
3029,5
4459,5
5514,5
6805,5
2080,5
3967,0
3514,0
6965,5
6312,4
4250,2
8331,4
8263,0
5036,5
9283,5
9863,4
1970,0
7661,5
6010,5
994,5
6061,5
4648,4
2310,5
2685,4
2365,5
2264,2
8237,5
4418,2
8699,5
7425,0
559,2
4443,5
1250,0
8138,2
6064,5
8511,4
6221,0
9070,5
6976,0
8962,4
4848,5
6476,4
1852,0
2933,1
4230,0
1649,4
9692,0
8562,0
2907,5
2453,0
6239,4
5169,4
4141,5
3192,5
405,5
6780,2
9019,0
1898,0
2473,0
2398,5
2401,5
1908,5
4871,0
6232,5
1151,0
2433,4
4237,0
1580,0
6723,3
4495,0
4952,5
9546,5
1379,5
8298,4
8678,4
7674,0
5775,4
4350,3
2382,0
4964,5
6958,5
5377,5
6093,5
2455,0
5042,0
2060,5
5845,1
6315,0
87,0
8308,0
9581,5
4338,5
6349,0
5663,1
3300,5
4863,5
3595,0
6664,5
2947,0
2358,0
1261,5
6546,0
1224,5
4650,5
1775,5
4598,4
3112,5
3065,5
4384,0
355,5
9798,0
9063,5
4778,5
2898,0
2120,1
2325,5
8151,0
696,5
9104,5
137,5
7479,0
1277,0
4961,0
8125,5
6399,5
9488,0
8100,4
7377,5
5100,5
6279,1
5681,5
8554,5
7986,5
3284,5
3044,4
1139,5
1839,0
5870,0
1249,0
1389,5
5463,0
6462,5
1442,0
9903,5
8865,5
9108,2
1744,0
5048,4
4358,0
6230,0
5792,2
9381,2
7424,4
6744,0
7085,2
2675,5
5745,5
9891,4
1338,0
3953,0
1208,0
6459,4
8226,5
4560,0
3241,0
6956,5
6387,0
6434,1
2116,5
5440,0
7921,5
9079,0
1421,5
2031,5
8428,0
9749,0
1247,0
2601,0
3190,5
1399,0
989,5
1230,5
4123,5
2800,5
3132,5
4711,1
473,0
8659,5
2475,0
7418,5
1125,5
7345,0
5171,4
6139,4
6672,5
6147,5
669,0
8071,0
3321,0
7234,5
3347,0
4877,4
1232,5
4693,4
7541,5
9294,1
7001,0
1319,5
6455,0
9858,2
5864,5
4392,5
5087,0
677,5
6022,5
2626,5
7252,2
5776,5
8593,0
9138,0
4572,2
123,4
4821,0
6165,5
9038,5
1703,4
4026,0
3071,5
2536,4
254,0
7889,0
1067,0
4595,0
9901,0
253,0
8472,5
2240,5
8814,5
8358,0
3782,0
2082,2
2076,5
6923,0
9508,5
237,5
5653,5
4180,5
1881,5
1605,5
2889,5
3750,0
8717,1
4713,1
5701,5
4639,5
2861,0
7814,5
9978,4
7289,4
9491,0
8513,5
3448,4
8668,0
602,0
9998,0
1401,5
9956,0
3246,5
9448,0
4380,2
8404,5
5503,0
7626,5
8338,0
7468,4
3171,5
6222,5
2827,5
8377,5
353,5
1754,2
2830,0
6569,5
2645,5
8755,5
4260,0
3718,0
4694,0
9896,0
2927,0
9058,2
929,0
6285,5
9062,0
2154,4
462,5
2098,5
4721,0
779,0
9811,0
3449,5
7612,4
8601,5
6245,4
7459,0
8736,0
576,0
9822,1
5657,5
2793,5
1928,0
3935,2
2371,5
6280,1
1387,5
4168,5
3204,0
7634,0
3615,1
4926,0
5485,0
27,0
5966,1
9807,0
8126,0
8694,0
953,5
9360,0
5782,0
3128,4
1992,5
9264,5
8702,3
3271,5
2460,5
8953,5
4169,5
9290,5
619,1
1032,4
7072,5
204,5
8959,5
5977,5
4610,5
9224,5
9357,0
5025,5
4978,0
6168,0
7002,4
5674,5
2547,5
3551,0
3804,0
1466,5
4066,0
7439,5
4272,5
9106,5
2674,0
2621,0
2,0
6850,5
6281,0
324,5
811,0
7838,5
5081,5
7188,0
1668,2
7097,0
2467,5
8302,5
2182,0
4516,0
2623,5
3591,5
9900,5
6293,5
8073,0
7752,5
1540,0
6990,5
7568,0
7177,4
8339,0
6721,5
4099,0
9198,2
8621,0
8448,5
9851,5
7389,0
1812,5
6370,5
9032,5
2704,0
5637,4
9321,5
9443,5
6866,0
9597,0
95,5
115,0
3947,5
3158,5
1840,5
9856,1
2011,5
8850,0
9221,5
9505,5
6565,0
8818,0
5830,5
9142,5
4329,0
7390,5
7799,5
2658,5
6578,0
738,0
3030,0
9228,5
7474,0
4657,5
6516,0
8271,1
2864,5
809,0
9560,0
3883,0
2388,0
2278,5
9752,5
2034,3
4226,4
3268,0
7366,0
7981,5
8351,0
4117,0
2919,5
6974,0
305,5
5483,0
9534,5
2093,0
7506,0
5510,5
5246,5
747,5
3108,2
2510,5
8052,5
6511,4
7006,5
5737,0
3014,1
4511,0
6270,0
386,5
6488,4
7819,5
5982,5
7335,0
6068,5
4968,0
8548,0
7127,2
4020,5
1620,0
224,5
72,5
9126,0
1203,5
7250,5
2931,0
7256,5
4599,0
2997,5
7449,5
7380,5
1966,5
7382,5
7643,0
4673,0
6354,0
963,4
2224,0
7444,0
6291,0
6149,5
9768,0
1406,0
2186,5
2392,0
8841,5
1176,5
9795,0
1537,4
6520,5
8175,0
9175,5
6246,0
7865,0
4975,5
7211,0
2383,0
3691,5
9941,0
1792,0
4612,5
9077,0
1843,0
7854,5
8624,5
1913,0
6755,0
3482,5
1321,4
9368,0
5848,1
6694,0
1447,5
8839,0
2328,2
2832,2
4025,0
1361,5
6787,1
6753,0
5386,4
4313,5
6097,2
4364,5
4641,0
8707,5
1120,0
2231,0
9169,5
6970,4
5265,0
9031,0
7811,5
4437,0
1350,0
2168,0
8394,5
3478,0
3126,0
6283,5
6148,0
2906,0
1985,5
5442,4
1664,0
1553,5
7286,0
5865,2
4217,5
834,2
8216,4
8437,5
8115,4
70,0
5000,0
9387,0
9642,5
5227,5
513,5
1740,5
3639,0
6449,5
1735,5
8106,4
6435,5
4939,1
4295,4
341,0
8504,5
2619,5
157,0
3114,5
3503,5
2909,0
1998,0
2758,0
1789,5
952,5
6699,5
9977,0
5153,0
9700,0
9279,5
4943,5
9486,0
4112,5
9601,4
9195,1
3045,0
9695,5
1844,5
1684,5
3349,0
6623,0
4906,5
9396,5
276,1
1799,1
3793,0
5790,5
5609,0
5083,2
1758,0
7412,0
4015,0
4973,5
8217,4
2948,0
395,0
4942,0
4514,5
8021,5
1330,1
9846,5
5512,5
2872,4
880,5
8061,0
9715,5
8979,0
7026,0
2748,5
2079,0
3689,5
6213,0
1242,0
7228,5
1854,5
9182,0
672,5
6385,0
7646,5
7709,4
5979,0
1041,5
4834,0
5741,4
2025,0
9081,5
2786,5
9803,5
3813,5
8159,0
6680,1
3986,4
7073,0
6373,0
192,5
3672,0
9694,3
1374,5
7877,0
9007,0
3341,4
2040,0
6676,0
4354,4
5015,0
7966,4
4945,4
936,5
242,4
4095,5
9428,4
514,0
9395,5
4872,5
3213,0
2054,0
5976,4
9888,1
2444,0
683,1
1999,5
9362,5
9481,4
8732,5
9852,5
6553,4
6883,5
411,5
5724,0
7029,5
142,1
5709,4
4063,2
4972,0
6348,5
337,5
5118,5
2740,5
84,5
6986,5
4041,0
6184,1
6065,0
491,5
371,5
2777,0
8665,0
7584,5
3865,5
5560,2
5698,1
3761,4
5996,0
778,4
6788,1
5879,1
344,0
1637,0
2246,5
9723,0
4362,5
4257,0
257,5
5920,5
5948,5
1557,0
8955,0
6409,0
8613,5
448,0
1436,5
8089,0
2284,5
3548,5
7348,5
6150,5
3488,0
8194,5
236,2
1627,0
9010,0
4402,0
3757,0
5281,0
7316,0
4468,5
4321,0
1829,0
5043,2
5486,5
121,0
1892,0
1187,5
8143,5
902,4
1317,0
7619,0
9950,5
5258,0
2842,0
8567,5
6378,5
3753,5
7967,5
3214,5
8825,0
1933,0
2867,0
4035,5
4649,3
2179,0
4719,0
8555,4
9338,5
5686,5
8391,5
3519,4
6048,4
4164,0
107,5
1689,4
5733,0
7750,5
8974,0
4983,0
5372,4
9727,5
8838,0
541,5
1048,5
8661,5
7061,4
4271,4
9523,0
3023,0
451,0
6960,0
3210,2
5743,0
8985,4
1842,0
389,5
7635,5
1015,0
1706,0
4395,4
1241,5
2845,5
8323,0
9668,5
8150,0
4513,0
2314,5
4105,0
5239,0
13,5
3775,5
6830,5
2698,0
540,0
2223,5
1835,0
4018,5
133,5
4528,0
1722,0
6844,5
7260,0
1352,5
8630,0
8649,0
7128,0
4540,5
2879,1
4344,5
6620,5
6457,1
334,0
2699,1
5474,5
399,5
1302,0
292,5
3882,5
2081,4
4252,4
6775,0
2627,0
4471,4
7408,0
6160,0
3908,5
3410,0
8552,5
3805,5
5021,0
4805,0
4139,0
1593,1
7903,0
4646,2
5527,5
376,0
670,0
4487,5
4787,5
4632,0
4059,2
4867,0
6214,0
647,4
6210,1
7245,2
8190,0
5363,4
5094,5
8203,5
4046,0
8240,0
6224,5
6388,5
5178,5
1343,0
5726,1
7906,4
7518,0
3859,5
7731,0
8229,0
53,1
2143,5
3262,5
4596,5
8257,0
4038,5
9497,0
9379,0
7972,0
3629,5
5037,5
5356,5
7398,5
6181,5
8161,0
8697,0
1498,0
3716,1
3885,0
6581,0
1590,5
2341,0
1326,5
3315,2
2692,5
5127,1
289,5
6478,2
3888,5
8365,5
1535,5
1470,1
1111,5
2946,5
8599,5
750,4
1681,0
1544,5
165,5
3998,4
7183,5
2457,5
596,5
5677,5
3530,5
6133,5
4331,5
9128,0
1694,0
4368,2
4061,5
2871,5
7376,5
7719,0
9738,0
8821,4
113,0
1757,5
1931,0
5710,4
1468,0
8458,0
8892,5
768,5
7743,0
3012,0
397,0
9097,5
4786,4
2957,0
5229,5
7299,5
9295,5
4993,4
2497,4
8634,1
3189,4
6679,2
4405,0
9826,5
6688,0
8891,0
6259,0
6344,0
7684,0
6933,0
8780,0
1398,5
7397,5
7363,0
6217,0
4351,0
199,5
35,5
277,4
4175,5
4779,5
5296,1
5413,5
2432,2
3364,5
2146,5
3993,0
8167,5
8650,5
8296,0
9078,0
2335,0
7992,5
5405,4
921,2
938,5
3766,5
1669,5
8776,5
9739,5
2153,5
64,0
5749,4
5945,5
3980,1
498,0
9662,5
8531,0
9325,0
4314,5
6643,4
641,4
9686,5
7282,2
7037,4
9441,4
1632,5
2002,5
2742,0
1428,5
7742,4
5649,5
9383,1
4643,5
5451,5
5980,5
3603,0
957,4
3584,4
0,0
4028,2
9517,5
8905,1
2784,0
4645,5
1193,0
3950,0
2375,1
9718,0
6196,5
2866,2
250,5
4519,1
886,5
960,0
9284,0
3046,5
2696,1
846,0
9326,4
620,0
2400,0
8058,4
5388,0
7839,0
6268,0
2926,1
3092,5
7274,4
5877,5
1614,5
3066,5
795,5
1393,5
9619,0
5946,5
6616,0
9706,5
5352,0
6174,5
6878,0
7225,4
4503,5
4830,5
1900,0
5418,4
3927,0
5494,0
6876,5
7490,4
2986,2
4575,0
4312,0
2599,4
7158,5
2944,5
2811,1
6928,0
2667,0
3100,5
3679,0
5188,1
4980,5
5329,0
1615,5
3451,1
7915,5
9477,0
7136,1
508,0
4268,0
7714,0
8172,2
9714,2
2097,5
9783,1
6249,2
2318,1
1811,0
1274,5
2573,5
8696,0
8888,5
4058,4
4323,1
1068,4
8471,5
3220,1
4577,0
8164,5
4288,5
5857,0
132,5
4723,3
803,5
421,5
215,0
8616,0
3678,5
1746,4
2108,5
2759,5
2355,5
9307,2
5335,5
6991,0
1110,1
7198,4
8060,0
3864,5
1448,4
7610,4
6981,0
1450,0
815,0
5154,0
549,1
2203,5
1426,5
6454,5
7152,5
7321,2
6584,5
8306,5
523,5
6058,2
9540,1
5623,5
5110,5
2188,0
6589,0
9431,0
1795,0
8463,0
5018,5
4720,0
3846,5
322,2
9276,0
9819,5
6687,1
9285,5
7259,0
1303,0
5986,0
6761,0
2894,0
8063,0
4197,5
7058,0
8321,5
1489,5
2219,5
4478,5
3209,0
2660,0
8808,0
8099,5
2484,0
7886,5
5998,0
6364,5
6898,5
881,0
7000,5
1107,5
1407,5
9806,0
5407,5
5195,0
4274,5
1063,0
4134,0
4888,0
122,0
3979,4
2206,0
7079,0
8948,0
4337,1
5740,1
5080,0
4145,0
7525,5
6262,0
4174,0
4277,4
1308,0
2201,0
6426,5
931,5
464,0
6207,0
459,5
1497,0
3081,5
3085,1
5918,5
2718,5
2607,4
3764,4
3580,0
3412,5
4011,0
3596,5
3826,4
6992,5
1150,0
1062,5
9804,0
2042,4
2976,5
4319,5
2199,0
4258,5
1162,2
3620,5
8570,4
6361,2
9939,0
2217,0
4601,4
8342,5
7930,4
5981,0
4375,0
5404,0
6626,5
2183,5
5158,1
209,0
5804,5
9791,0
218,5
9388,5
776,0
4907,0
8648,0
1427,5
1169,5
7192,5
982,5
1439,0
4162,5
3583,5
9260,0
4424,0
968,0
1328,0
7822,0
99,5
8802,5
7761,5
5685,0
5756,1
6651,0
1640,5
6736,5
4372,5
1069,5
1042,5
6562,0
7049,5
4187,0
587,0
3610,0
5300,5
1378,5
9562,0
8218,5
981,5
8313,5
787,0
922,5
6542,2
9786,4
3485,5
7959,0
7255,0
8566,2
5731,5
2187,0
346,0
4509,4
5881,5
2593,5
3469,5
4410,5
1298,0
360,5
9346,2
3309,5
2670,0
6908,5
4293,5
8396,5
7939,5
1643,5
9781,0
4017,0
2725,0
2958,0
8146,0
7937,5
6695,0
2287,0
8283,4
7627,5
5972,4
7308,5
2724,0
2714,5
8442,0
8015,0
7153,5
468,5
151,0
8992,5
7212,5
4150,4
7502,0
6037,5
1533,5
5805,4
9298,0
896,5
1047,0
2836,0
5867,5
7883,5
6257,5
6350,5
6400,5
5280,5
6391,5
2999,1
7318,5
8980,5
8371,4
8738,5
9683,1
1392,4
1377,0
8523,5
714,0
9905,1
8920,5
9430,5
7621,5
9824,2
3569,5
4069,0
7415,0
6619,5
1918,0
2715,0
6480,0
4014,0
7277,0
1364,0
3346,1
4215,0
1092,5
7625,5
3737,0
597,5
1896,5
5490,5
5763,0
9421,0
720,0
8938,4
149,0
7532,4
8598,5
560,5
7039,5
2991,0
1658,0
6338,0
3902,5
4620,0
3477,1
9484,5
4039,5
8559,5
4446,0
8720,5
9836,0
978,4
5106,5
1974,4
7325,5
9850,5
4213,0
6059,5
772,5
3261,0
2194,1
4470,5
4549,4
8734,0
3623,5
365,5
4002,5
3229,2
8222,1
5897,2
7135,5
5426,0
4524,1
5990,1
3222,5
3877,0
7224,5
1731,0
6175,0
2147,0
445,0
4663,0
5522,5
6925,0
2528,5
4138,5
6932,2
6904,0
6807,0
7871,2
4571,5
6011,4
7262,0
9178,0
539,0
6425,4
598,0
3173,0
4688,0
3383,5
3428,5
8541,0
9049,4
2486,5
4378,5
2524,5
4675,0
2711,2
8068,5
8640,0
8843,2
6940,5
9556,4
3054,0
4294,5
7313,5
9463,5
5308,0
5491,5
270,5
2012,0
9216,4
7969,5
4974,5
5020,4
7196,0
2923,5
6491,5
5958,5
5129,4
4024,1
1676,5
9251,0
4074,5
5189,5
8754,5
5589,5
6374,5
2378,5
4920,5
5613,0
1665,0
9895,5
7624,0
4322,5
6505,0
3741,2
6397,4
4305,5
1087,5
1170,5
1251,5
8572,5
1847,5
34,4
3974,0
6930,5
1430,4
5869,0
7999,4
4839,5
5536,5
2530,0
6867,1
3770,1
8200,0
6487,5
303,0
313,5
8917,0
244,5
9955,0
7687,0
5317,5
8682,5
935,5
3528,0
8369,5
6110,5
4458,5
5017,2
2269,0
8447,1
278,2
9614,5
1452,0
7837,5
546,4
4462,0
119,5
1268,5
9563,4
6330,5
1119,5
9373,4
6343,0
1465,0
6943,0
1369,2
1061,5
4042,0
4726,1
5806,0
3931,5
8133,0
131,0
5236,1
7907,0
6113,5
7191,0
6547,5
3611,0
8627,4
5581,5
6489,0
8519,0
3381,5
4666,5
5322,0
3602,5
434,0
1902,1
7730,5
2420,5
2779,4
3708,5
4794,5
9921,2
1880,5
892,4
4911,0
8415,0
7024,0
280,0
6711,0
5768,4
917,5
9959,0
2983,5
7005,0
1828,0
8537,4
3352,4
8779,5
4853,0
8573,5
6771,5
8907,5
6029,5
8646,0
6817,0
7417,1
9854,0
8803,5
4550,5
7983,4
6274,0
7407,0
7897,5
645,5
6700,0
1845,5
3055,0
4114,5
6031,5
7851,5
3855,0
1749,5
8508,1
2007,2
1524,0
2192,5
2584,5
6985,5
9403,5
2734,0
5031,5
3049,0
3730,5
3258,4
5159,5
5175,0
9612,5
8706,5
101,0
8426,5
8440,0
140,2
5481,4
2212,5
3771,4
6701,5
6351,5
3140,5
551,0
7524,0
6528,5
6704,0
9524,5
8611,5
9674,0
781,0
4390,5
8436,5
658,0
873,5
9301,0
2216,5
8806,5
5683,0
457,5
5900,1
3747,0
2574,0
6815,0
1885,5
3504,5
466,0
7604,0
9637,0
1071,1
7639,5
3762,5
5173,0
4415,5
339,0
1878,5
2555,4
8305,1
76,5
5112,5
1916,5
9328,0
9015,1
502,5
5783,0
6682,0
9203,5
2178,5
8774,0
9741,5
7691,4
5235,2
6288,2
2347,0
8735,0
7499,0
8206,1
3612,0
7387,0
575,0
1037,5
4530,0
1680,2
3083,0
3348,5
4043,1
6282,5
1269,2
5444,5
5323,0
3163,5
8074,4
804,4
1275,1
4431,5
7498,2
2548,5
5305,0
8341,0
6884,0
9639,0
603,5
5200,5
7803,1
8444,0
1954,5
4780,5
8870,5
8868,5
8389,0
7233,5
1597,5
9936,5
1026,0
6856,5
7088,5
2421,5
2316,1
3113,5
770,0
5803,5
9645,0
5040,4
1004,5
914,5
6603,0
9922,5
8007,0
3151,0
7113,0
3670,5
2821,0
7647,5
4659,5
7215,5
3851,0
9257,0
8247,5
1025,0
2071,0
4299,0
8254,5
1479,5
8536,4
5370,0
4005,0
2990,0
868,5
5961,0
1320,0
2326,0
9817,5
3567,0
6621,2
1413,2
8076,0
2600,0
2525,5
9887,0
9520,5
9893,5
697,5
3120,5
9664,0
2500,0
9837,5
8246,0
6202,4
7278,0
4412,1
3437,5
3601,0
2020,5
5760,0
7172,2
7334,0
5183,1
8656,5
9066,5
6504,0
6585,4
9717,5
6153,0
789,0
2855,0
8236,0
8756,0
2638,4
5373,5
9780,4
3870,5
8121,5
974,1
1626,0
3460,0
1283,5
3975,0
6644,5
6332,5
5213,4
8588,5
8693,0
6769,4
4218,0
5915,5
2782,5
1130,0
3564,4
7137,4
7402,5
3791,5
6266,5
3095,4
8813,4
9573,5
6352,0
3920,4
2009,5
4833,0
3219,4
9713,5
9270,0
8340,5
452,5
441,0
614,0
9687,4
9340,0
4731,1
5580,5
2733,0
428,5
4647,0
2173,0
8366,0
2429,0
6430,5
7936,5
1634,0
1179,0
639,5
1949,0
5061,5
2239,5
1127,1
8088,0
2637,5
9444,0
6494,0
8080,0
7169,5
1459,5
964,0
362,5
9624,5
206,5
343,0
9610,5
3772,0
1704,0
4634,5
3082,5
7695,5
6319,5
5891,5
8103,0
5448,5
1284,0
8792,5
9968,5
1072,5
5056,5
6040,5
326,0
7193,5
8830,0
4056,2
884,4
2921,0
1066,1
6220,0
5786,4
1971,0
1748,0
9722,0
9482,4
8857,5
2236,0
8622,5
3760,5
6500,5
7653,4
5822,5
7311,0
2774,5
2590,5
8315,0
8272,0
370,5
3960,0
8722,0
6073,1
8062,0
2047,5
2908,4
8654,4
2883,5
9634,5
316,0
1235,0
8375,0
2001,5
3873,5
5016,0
2542,5
1348,0
2650,1
5464,0
1868,2
6972,5
674,0
2507,4
9886,4
745,1
8050,0
2415,5
2439,5
6383,0
676,5
882,5
4918,0
9525,5
7806,4
2270,5
6116,0
5583,5
6842,0
8502,1
6416,1
8647,4
5660,2
5107,0
8019,0
8469,4
6689,5
6927,5
2263,0
417,4
4672,0
7932,5
7816,5
3814,0
2977,5
467,0
8539,4
4898,5
5332,0
4991,0
7812,4
1661,0
3893,5
5616,2
7237,0
5140,5
2285,0
5496,5
475,0
7465,5
8260,0
1595,4
939,5
7735,4
4966,0
928,0
1512,0
3406,5
7185,5
7825,0
4865,0
8485,5
3971,0
21,4
5889,2
9076,0
2657,0
1310,5
6874,5
6271,5
5987,5
6816,0
7160,5
2978,2
8364,1
7909,5
9190,5
3441,1
3019,0
1158,4
3850,5
1159,5
5114,0
3362,0
7084,5
4967,5
9351,0
8086,5
1662,5
7973,5
2109,5
2799,5
4533,5
7662,5
3337,5
3491,4
3555,5
1423,1
7019,5
1373,5
2953,5
5532,0
9442,4
402,5
757,5
6577,0
4938,0
4404,2
7841,0
3031,4
7168,1
7460,0
6251,0
6362,2
8664,0
8719,5
7294,0
3143,5
3713,4
2644,5
3597,5
6550,5
8721,5
8438,0
5778,5
4142,5
924,0
3874,5
2532,0
4073,5
9245,0
2719,5
2967,5
8020,2
8701,0
4921,5
4796,5
4327,1
2482,1
9915,0
6365,0
7,5
4204,0
934,0
4467,5
7463,5
8053,5
9516,0
6675,1
9456,5
8129,1
8749,0
4508,0
4289,5
1826,5
9384,0
3122,0
3984,5
6215,2
4527,0
3355,5
805,4
6190,0
9507,1
746,0
8879,3
1720,5
7998,0
5564,0
522,5
2221,4
8859,0
8429,0
3792,5
7121,0
487,5
6236,5
5702,5
5226,5
7442,0
1129,4
4267,5
5576,5
197,5
9400,0
4716,5
3799,0
5612,4
3977,5
5854,5
5944,0
4317,4
556,5
5571,5
8944,5
9691,0
8435,0
9475,5
9391,5
7216,0
6438,5
8607,0
4120,0
8085,0
7009,5
1564,0
8176,0
7561,5
2480,0
2141,5
3665,0
5913,0
2888,5
1888,0
6696,4
6372,5
4135,1
8935,0
1781,4
6076,0
1134,5
111,0
5691,5
2023,0
9775,5
528,5
852,0
2089,5
8481,5
3260,0
2268,5
1996,0
836,5
9906,5
3403,5
4153,5
7683,0
1609,0
6561,0
8225,5
9945,0
263,5
525,4
3153,0
6975,0
1813,0
2966,0
5774,5
4247,5
782,5
6671,0
7573,4
4419,0
3966,5
4806,5
9812,5
1708,5
4566,5
3963,5
9684,0
9342,5
5148,5
8546,4
3195,0
6403,5
5927,1
888,0
5024,0
5471,5
8376,0
8079,4
538,5
4349,5
5519,5
3077,3
393,2
4098,5
3725,0
9756,5
3407,5
4912,0
2629,0
8515,5
6510,0
6089,0
5705,4
3839,5
3656,2
6726,2
476,5
3185,4
599,1
3275,5
4947,1
7355,5
6795,4
9774,0
4623,5
6290,0
3345,0
2163,5
9646,1
6822,5
195,2
3872,5
3051,0
8054,4
3525,0
8166,0
1986,1
351,5
1581,0
8109,5
4192,5
5311,5
7813,5
3421,0
3692,5
1763,5
3879,0
4880,0
1625,0
7776,5
9629,4
8867,4
9067,4
2226,5
2045,5
3305,0
4388,0
3167,2
9160,5
731,0
1200,5
7817,0
3769,5
4670,0
432,5
2700,4
4746,2
1471,5
5890,1
7874,5
9197,0
8219,5
7381,1
9045,5
1264,5
8947,0
2556,5
605,0
3378,5
4152,5
8483,0
8783,5
5799,4
4335,1
3507,5
3358,0
9246,2
2049,5
6254,0
4391,5
660,0
5145,5
4360,0
5172,0
4500,5
6942,0
1257,5
644,0
7848,5
6079,5
5668,5
9306,5
8414,5
5,0
2165,5
6591,5
4430,1
1510,4
9779,0
1079,5
3435,5
4590,0
1585,5
7405,5
5813,5
7093,5
9526,5
1454,5
93,0
9943,0
2288,0
6872,0
1098,5
1977,5
2761,0
7748,5
4408,4
4336,2
9002,5
6198,0
5174,4
4831,0
6735,0
5403,0
5401,0
1849,5
7913,0
7617,0
6592,5
4677,2
3080,0
1376,5
8488,2
7644,0
5606,5
9310,0
6606,5
1355,5
5384,5
6334,2
1601,0
7917,0
4009,4
4400,5
4586,5
4460,0
3696,5
8051,0
7018,5
2396,0
3726,3
9631,5
7134,5
1036,5
6412,5
2905,5
4709,0
5953,5
1502,5
8317,5
515,4
9933,5
9979,5
3594,5
7724,5
949,0
7230,0
286,5
2359,4
6768,0
63,0
4397,2
2550,0
2962,5
5353,0
9869,0
6402,5
5670,0
3433,5
3728,4
5941,2
807,5
5119,0
1730,0
1478,0
2252,5
4573,0
956,5
5985,2
6877,0
4837,0
7702,0
9528,5
3571,5
771,5
8610,2
9271,0
1499,5
9028,0
7769,0
631,0
8545,5
2253,5
1719,0
2311,0
6211,0
8564,0
9840,0
4735,5
264,0
4622,2
4261,0
9670,0
8828,1
9120,5
1655,2
530,5
6292,1
9967,5
848,5
4382,0
7669,5
2668,5
656,4
8486,0
7725,5
5066,0
8290,0
5566,4
6004,0
1772,5
2026,5
1534,2
3331,5
5456,4
2826,5
1077,1
4008,2
5711,5
9802,0
2816,0
6573,0
1914,4
1821,5
6870,5
9184,5
2202,5
6526,5
1997,5
6821,4
5950,4
4451,4
4669,5
4356,4
1248,5
9934,5
6324,0
4051,0
1306,0
6728,5
7853,0
2495,1
8576,0
3573,0
6171,0
1305,4
832,5
175,0
2213,5
8319,1
5307,5
7733,0
755,5
3705,0
8431,0
8687,0
1404,0
5150,0
75,4
5035,0
1056,5
9427,5
6820,0
945,0
5909,4
9322,0
9129,5
4393,0
6656,0
2331,5
9871,4
1572,5
9344,0
1747,5
5151,0
8401,5
9438,0
8390,0
6423,0
2164,5
1809,0
8434,5
3909,0
8913,5
3004,4
3703,5
4010,0
7003,5
5089,0
4065,1
7678,0
8831,1
4547,5
8999,4
4202,0
3638,5
7794,5
1073,2
1262,1
4576,3
6715,4
8710,5
9719,2
7076,1
6461,0
4569,3
7447,5
1951,5
8045,4
152,0
1417,0
6047,5
1327,5
5713,0
724,5
350,5
4861,2
3976,5
5310,4
4284,0
9394,5
5515,0
4729,5
9352,0
9577,5
9302,2
6652,0
4756,0
7281,0
3474,2
3446,5
7809,5
6819,5
1855,1
7206,0
7666,5
1592,1
5302,5
8796,5
5716,5
8606,1
7651,5
2806,0
9334,0
3823,0
984,5
484,0
2636,1
3382,4
1602,5
449,4
234,4
4515,5
5931,4
7831,5
4520,5
1600,0
8768,0
2498,5
6645,4
1604,5
5728,5
2470,4
8399,5
8268,5
8669,5
2565,5
4826,0
7919,0
2653,2
85,0
6223,5
1790,5
2825,4
9808,5
8658,0
6828,5
6934,5
1617,5
2084,0
1102,5
6684,5
9458,5
8418,0
5923,5
1165,4
6971,0
5008,4
1368,5
6729,5
3841,2
7923,1
5960,4
89,2
82,5
4810,0
4444,5
4497,4
3425,0
3273,2
1084,5
4157,0
6439,5
5003,5
1864,2
9483,5
1518,4
7487,0
987,5
901,0
3294,5
1347,0
2250,0
4347,1
8108,5
3688,4
8939,5
1830,0
3467,4
108,0
8370,5
3918,4
8936,5
9506,5
6379,5
7484,0
2707,0
1491,0
6826,4
5575,5
9416,5
9410,1
3462,0
2191,5
6659,5
6393,5
8066,4
527,0
1541,5
7867,5
3109,1
3136,0
3021,5
1192,0
6300,5
5592,2
6301,0
581,5
4954,0
9673,1
4102,0
655,5
9377,5
998,0
8794,5
8578,5
4523,4
5478,0
5939,0
6966,1
5808,0
5314,5
4744,2
9205,0
1705,5
9291,5
5912,5
2987,5
5777,4
5347,5
5509,5
5602,5
8549,1
5297,5
9554,0
6237,5
2320,5
9040,0
1859,0
5240,5
9229,5
6208,0
1554,4
3182,4
7827,5
8239,0
8918,0
7533,0
4423,5
3000,5
2096,4
5007,1
4223,0
4000,5
43,0
6091,5
1094,0
2293,0
9552,1
4893,4
8335,0
7249,1
7338,5
2544,5
6470,5
4386,0
470,5
1548,5
6759,2
8758,2
7394,4
3682,0
4021,0
5837,4
8188,5
8142,0
3605,4
6123,5
1677,0
853,5
7899,0
7264,5
51,5
2110,0
3763,5
864,0
4690,0
2897,1
3089,5
4971,5
9153,5
5358,0
8090,3
7219,0
6963,5
5666,0
692,4
8643,0
229,0
8724,0
9792,3
9103,5
8333,5
4003,0
9816,0
6939,0
7378,0
5455,0
477,5
5360,0
46,5
8730,5
138,1
9036,5
5313,0
4484,0
7603,5
7952,0
1612,0
8499,5
9543,5
643,0
2248,5
9995,0
9829,0
9638,5
1522,0
611,1
159,5
926,5
3824,5
7777,5
8882,5
4791,0
4567,0
4292,5
9736,5
5351,0
6747,4
985,0
6127,5
6597,0
8560,5
52,5
5350,5
9174,2
4283,0
7734,5
3673,5
2215,4
4851,0
1477,0
4616,0
9678,5
8885,5
3876,5
2190,0
155,5
7423,4
8382,4
488,5
183,4
6911,5
3681,5
759,0
6323,4
2441,5
9411,0
3166,5
6136,5
8359,5
8926,5
3090,0
4365,0
808,5
384,0
2419,0
7312,5
529,1
4176,5
493,5
1725,5
8705,5
5895,5
4488,0
3522,4
2789,5
5039,5
5807,0
2414,4
6871,0
2053,1
4243,5
4781,5
1370,5
6418,2
2471,0
5303,5
1955,3
8186,5
5201,0
9743,4
5389,5
6144,0
4884,5
6401,5
995,5
716,4
835,0
5220,4
5535,4
5411,0
3499,0
5228,5
1296,5
3765,5
2533,5
6705,5
8594,0
4999,5
2418,0
8589,4
5223,5
9121,5
282,0
9140,0
8318,0
3489,0
2540,5
5965,0
1635,0
6346,5
7927,5
1028,0
9156,2
1133,4
8925,5
4118,5
2479,5
2161,5
6996,5
4207,5
455,4
160,5
1733,1
36,5
4332,5
4916,0
1701,0
8876,5
6668,5
7672,0
9329,0
6410,5
5901,0
3465,5
5697,2
3494,0
3833,0
5019,0
1463,0
1012,0
2578,0
2743,5
8137,5
1519,0
7358,5
293,5
272,0
3779,0
8524,2
1155,5
4504,0
4167,4
4245,5
2981,5
9928,0
44,5
3395,5
4198,5
2149,5
5924,5
1342,0
2508,5
90,0
6628,5
3969,1
8452,0
8731,0
9815,5
3712,5
8733,0
4955,5
443,0
4652,0
4689,4
2160,2
4455,1
1358,5
9414,4
9620,5
5285,5
1045,5
3916,5
3815,5
9364,5
398,0
2360,0
2749,0
9173,5
6077,5
4269,0
4701,1
737,0
2282,1
9492,5
1324,0
1206,5
2618,0
1739,5
7863,2
5138,5
2010,5
732,1
8711,0
8875,0
6086,0
5626,0
2595,1
9337,4
7150,2
5420,5
8419,0
4862,5
7123,5
2968,0
2451,0
3375,5
6838,5
323,5
9376,5
347,0
429,0
8178,5
1891,0
2823,1
7965,2
851,5
1726,0
4815,4
2960,0
3208,0
6114,0
8147,5
8114,5
9454,0
2121,5
5099,5
2332,4
504,0
2257,1
3510,4
4809,5
4597,5
9292,0
4798,0
8976,4
8574,0
969,0
1686,5
5450,5
9398,5
3197,5
5137,1
2225,0
3235,5
7130,2
4457,4
940,0
9835,0
6948,4
3988,5
8489,5
1136,4
1039,5
8784,5
6514,0
4825,0
8533,1
8637,0
5437,0
2235,5
8674,5
5926,0
9948,5
7080,1
2551,5
8801,5
9232,0
7762,5
9144,5
3285,0
9912,0
4113,2
6447,0
2662,0
7488,0
5257,0
827,5
9864,5
1710,1
6055,0
1642,0
5345,0
6366,2
9305,5
226,4
5166,1
5959,4
6654,1
4108,0
7240,5
4171,4
233,5
3739,4
5882,5
401,0
5801,0
5331,0
3217,5
4396,5
8626,0
5292,0
8673,0
471,1
4602,5
9452,0
2511,5
2616,5
1492,0
708,5
9820,4
4869,5
6340,1
2886,0
2615,0
7043,0
6900,5
3866,5
3506,0
7609,0
5267,1
1628,5
6468,5
830,4
6156,5
2567,5
6135,5
3356,4
1166,1
2384,0
9872,5
4636,5
3312,5
6650,5
2664,5
2406,5
4210,5
3032,5
4203,0
2458,0
5182,5
4946,4
2516,4
3473,5
7210,3
5255,5
2522,5
9415,0
3367,5
9238,0
5928,4
1255,0
318,2
352,0
8689,5
4474,1
6452,5
3059,5
5795,0
7223,0
1505,5
3282,0
26,0
897,5
6242,5
6748,0
1805,0
7327,0
4125,0
1495,1
8363,5
775,5
6100,5
2771,0
9653,5
8894,5
2244,5
1773,4
3168,5
2100,0
1777,0
6015,0
9731,4
8835,0
9580,0
7400,0
4345,0
4172,5
3397,5
8205,5
7361,5
2560,4
5393,5
2860,5
4948,0
7938,5
5139,0
7779,5
2107,5
167,0
3552,5
9152,5
5888,0
3434,5
8325,0
6464,5
7241,5
4522,4
4189,5
5197,4
1846,5
8493,0
5340,5
4254,0
919,5
4276,5
8633,4
212,2
4165,0
8171,0
3288,5
1485,0
7523,5
1646,5
2503,5
518,0
5391,4
86,0
5279,5
6997,5
1848,2
3063,1
2989,1
2810,5
1776,5
8805,0
8235,0
1081,5
2835,1
6895,5
7261,0
8406,0
1798,4
7099,0
4239,0
4563,5
1335,4
5406,0
6600,0
627,5
4552,0
1143,5
571,0
8788,5
8853,1
6497,0
9672,1
3074,0
164,0
607,0
3007,0
6559,0
7900,2
260,5
9008,5
4034,5
9963,4
8173,5
5095,5
930,0
9258,0
635,2
9389,5
2676,0
1788,5
6327,0
7929,5
8912,4
1313,5
3849,4
7371,4
3710,5
8154,1
9317,4
5896,5
8951,0
8127,0
6731,0
5974,0
7713,4
8662,0
7504,0
9890,4
4219,0
8751,1
8350,5
9762,0
7181,0
4763,0
8586,5
2520,5
1745,2
4832,1
3306,0
783,0
5002,5
435,0
7483,0
1923,5
4785,5
1078,0
2489,5
535,5
1397,5
6503,4
4878,5
5876,1
580,5
7834,0
5327,5
547,0
3377,4
3706,0
6331,0
5823,5
664,5
1663,4
2157,5
2205,5
1118,5
3890,0
550,0
3257,5
2364,0
7414,4
9213,5
3911,5
6341,5
2228,0
5465,0
9606,0
7528,0
3472,0
8988,5
8284,5
4496,5
7347,5
1059,0
3917,5
2180,5
486,5
7384,2
2751,5
2021,4
2729,4
5270,5
5204,5
1869,5
5458,5
4765,5
9268,0
1194,0
1659,5
2099,2
2873,4
3559,5
9101,2
5109,5
6629,5
9844,0
4608,5
536,5
7954,4
1820,5
7589,5
4019,4
7445,5
203,4
6742,5
4121,0
1362,5
7302,0
7592,0
1787,0
1043,5
7563,5
9299,5
9696,4
3008,5
5779,0
3228,0
2403,5
9137,5
4987,2
5558,5
1506,5
6260,5
1487,1
5466,0
3981,0
431,4
2900,5
8683,0
6609,5
5905,5
9124,5
5319,0
6567,0
7552,5
6582,2
9643,0
8273,1
2882,0
268,0
4253,4
9157,5
1611,0
2395,0
8902,0
4976,0
8597,5
717,4
8908,0
2949,0
2336,5
6563,5
5664,0
98,5
5633,0
7693,5
4080,0
4574,5
1157,5
2128,1
2807,0
1431,5
8676,5
2155,5
7944,5
5135,0
9735,5
2410,5
9663,0
5858,5
2817,5
4660,5
590,5
4144,2
3115,5
3561,2
7368,0
8964,0
8609,5
8561,0
8775,5
7977,5
3058,5
2267,1
8922,0
3283,5
533,0
3715,0
9778,5
5261,5
3154,0
517,0
6415,5
5692,4
3949,5
7572,5
8684,5
4060,0
8420,5
9746,0
4285,5
8949,0
3531,5
988,0
4743,4
4436,5
2581,0
845,0
3183,5
2880,0
8476,0
9825,5
854,5
4662,0
3270,1
3853,5
6071,5
3436,4
6973,4
3501,5
38,0
6355,1
3940,0
5929,0
3924,0
8303,0
1530,2
9966,5
6662,4
3496,5
4857,5
2683,0
734,5
7558,5
5991,0
8094,0
997,5
3852,0
1728,5
5730,2
4416,5
506,0
6109,0
150,5
8113,0
8110,0
7290,4
908,0
9034,2
3985,0
8332,5
1965,5
7083,5
2103,0
2111,5
7015,5
6988,5
7707,5
1207,5
5659,4
4411,1
8585,0
23,5
5971,5
1875,0
8227,4
1675,5
1085,0
8309,4
2672,1
1641,5
2438,5
1622,0
871,5
8932,0
7323,2
2928,5
4542,5
3898,5
4858,0
5914,4
4234,1
321,5
6538,4
6708,5
4262,4
1771,4
624,0
8798,5
8385,5
6907,0
7420,5
8065,5
9970,5
9209,4
7574,1
3647,4
1960,5
8542,5
9599,5
4887,2
7148,5
3445,4
3376,4
1060,5
214,0
2308,0
6938,5
996,1
5862,0
6161,0
9278,5
474,5
9094,0
4708,0
2775,5
2070,0
4510,0
9480,2
5010,0
4107,0
287,5
6395,0
8297,5
3278,0
5325,5
3632,0
3811,2
8745,5
5432,0
6193,5
4004,1
3900,1
7689,5
4758,5
5337,5
9025,5
1991,0
4081,4
7104,5
3736,2
7201,5
8232,5
8022,5
267,4
553,5
2446,0
9259,5
1076,5
7963,0
2363,5
1938,5
3218,0
7167,5
2117,5
6170,5
5531,0
7173,5
5409,5
4450,2
7166,0
9789,0
5906,5
4193,4
6261,0
9750,0
3925,0
5385,0
2982,5
1964,0
9615,5
3178,0
2065,5
7207,0
8120,5
5299,4
1309,0
3105,4
5185,0
4248,0
7712,0
9660,5
8207,5
8809,5
4890,5
4996,2
9997,0
784,5
6442,0
6847,0
7786,4
8816,5
7870,0
7151,0
9358,0
2307,5
790,0
8750,5
4541,0
5142,0
5349,2
3075,5
4644,5
4264,0
2487,0
9023,0
1980,5
2424,0
9545,5
1416,5
9985,4
2752,0
7020,5
4609,5
5181,5
7017,0
5365,5
8026,5
425,5
1009,0
3242,0
3205,2
2095,5
9927,5
3818,0
5029,5
5750,0
3480,4
7430,4
5168,0
7898,0
2706,5
1007,5
4808,0
7065,5
4438,5
6580,0
7628,5
2208,0
4982,4
9030,0
4291,0
6140,0
9280,0
4472,0
6096,0
9356,5
6716,4
4615,5
3317,5
7022,0
3958,1
9813,5
5757,5
2232,5
1266,0
1930,0
1791,5
2901,0
9598,5
6027,5
5068,0
3463,5
1184,1
7179,5
8679,0
161,0
2127,0
1299,5
1038,2
9679,0
7891,0
6180,0
8729,5
9632,0
6126,0
2930,5
8695,0
2849,0
5729,4
9868,0
3250,5
333,4
9988,0
4049,5
5504,0
4829,5
2094,0
5773,0
2144,5
516,0
5608,5
2609,0
9319,5
6178,5
4882,2
4052,5
2605,0
5548,0
5410,0
9472,0
9644,5
910,0
1124,5
6078,5
6640,4
6797,0
1976,0
1021,5
2413,0
4325,5
3932,0
2781,0
7701,2
2412,5
139,0
1904,0
9365,5
3062,5
7631,0
532,5
4159,1
1851,5
7818,0
9134,5
5371,0
8510,4
3693,5
8280,0
5500,5
9,5
6138,5
1948,0
6941,5
6648,0
9627,2
2723,0
332,5
9975,0
6490,4
6130,5
1220,1
3170,1
8960,0
9742,2
271,0
6028,5
4727,0
2291,0
9282,5
6901,4
5569,5
2680,0
6779,5
3867,5
6929,0
3386,5
8790,0
9688,5
4106,4
7350,5
4651,0
7926,5
2259,5
9647,4
4501,4
7795,5
6431,5
2863,5
3834,0
2087,1
2350,0
9048,0
2613,5
9095,0
2717,5
526,4
3891,5
6612,5
5433,5
9704,0
6625,2
1288,5
1825,0
4876,5
4816,0
8212,0
856,0
557,5
1405,0
6200,0
6636,5
5937,4
9603,4
1005,1
9132,5
8657,0
4630,1
5780,0
9300,4
1020,5
8930,4
2851,5
511,5
8036,0
1721,5
1886,5
8961,0
8043,0
5894,5
3856,5
1148,0
9651,1
5658,5
3790,4
2431,5
3492,4
7091,5
2515,0
9056,5
6655,0
1743,5
8355,0
4702,0
496,5
637,0
1331,5
3581,0
8904,0
1648,5
1181,5
3129,5
8324,0
8475,0
1769,0
5851,5
9185,1
9255,0
3027,5
510,5
9530,5
2061,0
8134,1
4030,0
7319,5
5328,5
456,0
1808,0
9315,5
756,5
7413,0
8157,4
9440,5
1065,5
1265,0
7744,5
1819,5
691,0
2839,5
593,0
3589,5
9150,5
3633,2
501,0
6264,5
7962,2
9498,5
5134,0
5117,0
9434,5
4453,5
7476,5
2652,5
9649,4
7040,4
1508,5
210,5
8970,1
9186,0
6177,1
6479,5
7238,0
736,4
1994,4
3393,0
382,5
3328,0
4914,0
8703,5
8535,0
2841,0
4022,3
4812,5
4163,5
7997,4
3622,0
903,5
2974,5
1334,4
5438,4
572,0
6376,5
3532,0
2691,0
5198,5
5126,5
7213,5
3156,1
2033,5
219,5
9666,0
5764,5
7804,2
2659,0
1106,4
7990,5
1882,5
1624,5
6638,1
5479,0
7808,5
7916,0
5545,5
933,5
7081,0
944,0
9200,1
8378,5
3511,4
507,5
5725,1
3778,4
6099,5
9953,0
2697,5
8183,5
9215,0
3987,5
2346,5
5457,5
3534,4
6317,0
3910,0
1114,2
4868,0
5791,5
8490,5
3544,2
9983,5
4505,0
1862,1
3388,5
3585,5
5652,5
3401,5
251,5
9429,5
8929,5
9473,5
8348,5
698,2
2035,0
6572,5
8851,0
2632,2
227,4
6137,0
2271,0
4909,0
1584,5
3400,5
205,4
9020,0
6473,0
7901,4
3767,1
7307,0
4979,5
1000,0
5304,5
5761,5
1093,0
4656,0
4959,5
3768,0
4531,0
7514,0
4661,0
2088,0
2426,0
9013,0
5853,5
9266,4
1718,0
7588,1
3103,5
578,5
1687,2
3717,4
1633,0
9496,1
1410,0
6158,0
1083,5
4266,0
6204,0
9690,5
5636,5
9281,5
302,5
9636,5
9733,4
69,5
1925,4
1029,5
2559,5
923,0
2663,5
5336,5
7703,5
2745,4
329,0
7601,0
1922,0
7349,4
7021,0
5507,5
4315,0
9372,4
7094,5
156,4
6601,5
1323,0
2608,4
3537,5
9080,5
6045,4
9805,5
5585,5
3429,5
8451,5
4841,0
8520,5
9110,5
7357,0
3644,1
406,0
7147,0
4342,4
2755,0
3720,0
7324,5
3808,0
9418,5
7815,5
6072,0
7416,0
1782,1
1814,1
7217,4
6890,5
2952,0
629,4
349,4
6471,0
3053,5
3484,0
6253,0
6328,1
243,0
4328,5
1256,4
7012,5
3527,0
6639,0
8933,5
6912,3
4797,0
1647,5
9494,5
4925,0
5540,5
7680,0
2381,5
5210,1
3169,0
1639,5
7585,4
4278,0
3162,0
5071,5
5834,0
1780,1
2939,0
361,0
6496,5
5997,4
9347,5
2447,5
6832,5
5254,5
7571,5
5505,0
1412,0
5816,0
4435,0
8931,1
879,5
8916,0
3009,0
2227,4
9392,2
114,5
4836,0
710,0
6498,4
7270,0
7569,0
3038,5
6859,4
2934,5
6534,5
3970,5
1307,0
481,5
9274,0
1768,0
3252,4
5568,0
6422,5
7122,0
7242,5
6611,5
4518,0
5908,5
5645,5
6545,5
2300,5
4429,0
5383,5
225,5
5260,0
6782,5
7519,0
1651,4
7055,5
898,0
7754,0
6417,0
1424,0
8893,0
865,5
5562,0
6186,0
6554,0
7720,5
8530,5
2913,0
9471,0
6537,2
4076,4
1174,0
8116,5
1435,0
4998,4
5551,5
6622,5
9226,5
354,0
9455,5
915,4
4807,0
9555,5
3188,4
4611,0
5367,5
8655,5
7060,5
9093,5
67,5
699,0
2297,4
2043,5
3422,0
9992,2
9529,5
8773,5
6703,5
5123,5
4919,0
1011,5
9729,5
5511,5
5682,0
5396,0
4771,4
7507,5
9919,5
2721,5
3565,5
8873,5
8156,0
6472,1
1841,1
2656,4
2159,4
5667,3
7830,0
7605,4
6063,5
8084,5
4244,5
8740,5
9982,5
6519,5
1952,5
4626,0
5082,0
682,5
189,0
9206,5
785,0
763,0
766,4
1822,0
1941,5
8837,1
7821,5
1893,0
8187,0
7493,0
1292,5
3172,3
9114,4
358,5
8040,4
7615,4
4087,4
3641,5
8753,4
7531,0
2340,0
4421,5
4129,5
4425,5
6146,5
8862,0
9005,1
5624,5
8915,5
7726,4
2783,5
7446,0
5632,2
5983,0
2230,5
1386,0
9607,5
9879,0
2156,0
4461,5
2298,4
4782,0
8615,1
5357,5
9204,2
7620,5
3714,0
2884,5
6774,0
8184,5
5501,5
4788,5
2795,5
7092,5
726,5
9769,5
3457,5
8810,1
5549,5
6020,0
4146,0
6337,5
2804,5
9149,5
5859,4
3042,5
8638,5
9730,0
6083,0
9401,0
673,0
9462,0
752,4
6322,0
3405,1
6120,0
3137,5
1027,1
8800,0
3018,5
8069,4
6090,5
8978,0
802,0
3994,4
387,0
5369,0
3598,5
3277,5
5102,5
4903,0
7642,0
7947,5
9559,4
652,4
5766,5
6141,5
5989,0
3231,5
566,0
1152,1
9501,5
601,0
8518,0
1016,5
2334,4
8388,0
2315,4
9583,0
951,1
6509,0
6345,0
9667,0
126,0
9154,5
967,0
8005,5
320,5
6685,5
6154,5
3444,0
6013,5
1603,5
665,5
2856,0
6564,0
3933,0
3520,5
5453,5
1438,0
1332,0
6353,0
2570,5
8945,5
6298,4
7331,5
1053,0
7133,0
4298,4
2829,0
2048,5
8199,1
9907,0
6707,0
1866,1
6588,5
7367,1
2943,5
758,5
7557,0
14,5
3280,5
8529,2
813,0
3502,4
796,4
6033,5
2242,5
3645,5
8081,5
5006,0
4040,5
8070,5
8193,5
6790,5
6740,1
4339,5
7086,5
6945,0
6725,5
7038,5
7902,4
6218,4
4963,5
7789,1
8149,4
7287,0
2237,5
9122,0
2258,5
5955,2
5978,0
5414,5
9832,0
7077,0
3101,4
4316,5
8928,0
8677,5
19,1
1570,0
9151,5
8345,0
8,0
8300,5
4406,5
1883,1
5133,0
3239,5
3549,5
2357,5
9622,4
3588,5
2732,0
3576,5
9096,5
7607,5
3426,1
7866,0
2785,0
3948,0
4957,5
6118,0
990,0
6188,5
9658,5
4133,0
894,5
8855,5
7544,0
6,5
6980,5
8233,0
7110,0
7979,0
8896,5
3295,5
3274,0
4307,5
176,5
3052,5
6233,0
2044,0
7873,4
5916,0
3666,4
5434,5
2290,0
104,1
2373,0
9161,5
2265,5
2543,5
5538,5
3649,1
2792,0
8264,5
404,0
2770,5
4684,5
2625,5
6358,0
6172,5
1488,5
6802,5
5988,0
7654,0
8741,0
6289,5
8709,0
9991,0
7370,2
1419,0
6889,5
6576,4
3102,0
634,4
4079,5
2368,5
3857,0
2029,0
2695,4
7537,5
4290,2
7032,0
8811,0
2549,5
1035,5
6757,5
3116,5
8357,5
7575,4
9320,5
1850,0
9172,0
2954,2
6003,5
9935,0
1688,5
2911,0
6227,5
6069,5
9168,5
65,0
3978,5
5785,0
8111,2
7727,5
9726,5
6614,4
3368,0
7774,2
1995,0
232,5
2912,5
1095,5
4383,0
41,1
8393,0
2198,5
9923,0
4932,2
6243,5
8267,5
2474,5
1515,0
4734,5
9303,0
9911,0
1732,5
2833,0
6102,0
5762,0
4333,5
2374,0
1586,5
1437,5
5577,4
8380,5
9838,5
5847,5
3529,2
6432,0
3380,5
6855,1
3464,2
3745,0
7475,0
1890,0
8950,0
3138,0
4209,5
1384,5
7497,0
59,0
7984,2
8505,0
1767,5
3669,0
7340,0
8990,0
1403,0
9405,0
3660,0
7885,4
519,0
4352,5
9230,5
1132,5
9143,0
833,0
751,5
1329,1
9659,4
9877,5
3199,5
8553,5
3142,0
9004,5
9611,5
7470,0
615,5
9457,0
6804,4
3835,0
1388,0
5732,0
5820,0
8919,1
3033,0
4027,5
8704,2
5964,0
4696,0
66,1
9130,0
6647,5
3694,5
8334,5
2875,0
2874,0
1727,4
5276,1
7235,5
6839,5
4452,0
9445,5
7581,5
690,0
5638,0
8923,5
5563,5
5755,5
9531,5
8408,4
3453,5
6719,0
4697,1
7452,1
2041,0
7501,0
5714,0
5368,0
4951,5
4440,5
9336,0
6427,5
1464,5
3139,0
9587,5
6882,1
9345,0
3508,2
8197,0
6394,0
308,0
6030,5
5825,5
7144,5
730,1
3398,1
1653,0
2527,4
7559,0
769,5
6359,5
4989,5
5073,5
9669,1
4913,4
2022,0
7520,5
5355,0
4387,5
9018,4
3013,5
1729,5
173,1
7802,0
3365,5
5346,5
4637,0
5342,5
9105,5
7905,0
216,0
6493,0
4482,0
2738,5
633,5
3396,5
4950,0
7657,0
7100,5
2134,0
6465,4
4301,4
4849,0
5038,0
3471,5
1697,0
7989,0
2892,0
356,0
5520,0
3493,5
1050,0
3096,0
2788,5
3545,5
2294,5
200,0
1204,0
1486,0
8248,4
8028,0
7598,0
7608,0
6311,0
6557,0
1865,0
7317,0
2251,0
2502,1
372,5
806,2
9349,5
4318,5
5754,5
9710,5
600,5
6460,0
3854,5
6894,0
3439,5
8534,5
8897,5
4581,5
5004,1
8748,4
3354,5
1003,0
6596,1
9745,2
9332,0
9029,5
8180,0
9189,5
695,0
1872,0
9504,1
3361,0
7057,0
7715,0
7258,5
4212,5
3995,4
9929,5
9796,0
4891,5
3661,5
3582,0
3152,4
5942,5
3359,5
1973,0
1984,0
9192,5
6258,4
1692,2
5428,5
3028,3
9655,0
7143,4
8228,2
7737,5
7140,0
7833,5
9755,5
5798,0
284,2
4583,0
9834,0
7095,5
1981,5
9227,5
568,2
345,2
6663,5
6085,4
2016,2
6758,5
5184,0
7486,5
9925,4
3618,0
9065,1
3568,0
2260,0
8544,0
4936,0
3643,5
2469,1
9512,5
7257,0
2506,0
5579,4
3797,0
4635,5
4790,4
1514,0
7063,4
6205,2
1823,5
4875,2
2736,0
9363,5
2222,5
2468,0
1567,5
5949,0
9052,0
7383,5
7630,5
8059,3
408,5
9084,5
4873,5
4130,0
542,0
5093,4
7437,5
8128,4
80,4
1909,0
410,5
5690,5
4592,5
7784,4
4824,0
5747,5
9857,5
7165,2
5259,0
6936,0
8002,0
8833,5
7472,2
3698,5
3543,5
5104,0
6419,1
1046,0
9404,5
2594,5
7551,0
3683,5
3962,0
8262,5
1359,5
1654,0
3389,5
7330,1
6182,0
8092,5
1517,5
3353,5
7780,5
2932,0
7453,5
3939,0
4881,5
6347,0
7174,0
6862,0
3732,5
843,5
8047,5
1786,0
9148,0
6194,5
6386,5
6712,5
217,5
1555,5
8832,0
6006,5
47,5
9996,5
9165,0
6737,0
1366,4
7933,5
4655,0
3816,1
8770,4
8250,5
4463,0
5326,5
6375,0
3556,4
7957,4
7595,0
7008,4
146,1
7526,0
4543,0
4179,4
3731,5
6914,1
8373,0
794,4
4671,5
2938,0
3968,5
1131,0
3526,5
8577,5
4399,5
8532,5
8177,5
2135,5
211,5
4137,0
1356,5
666,4
7567,0
9509,5
6831,5
3263,1
1481,1
2067,5
6714,0
6608,0
7428,5
7995,1
8614,4
2701,0
8328,0
116,0
8977,5
9626,0
6492,0
6947,5
9720,5
9055,5
4525,5
1476,5
378,5
4613,5
6189,5
419,0
3756,0
6610,5
583,2
7946,5
7757,0
9433,4
7457,4
2737,5
4479,5
4984,5
6117,5
306,2
6305,0
2837,4
3468,5
8101,5
5586,5
7788,0
4544,4
651,5
9027,0
1529,2
3868,5
1074,5
3147,5
3801,1
9466,0
608,5
5421,5
6095,5
4249,2
8231,4
2798,5
1779,0
1943,5
9146,5
4827,1
9069,1
8185,0
3983,1
1770,4
2865,0
6531,0
5162,5
3418,0
2462,0
9861,0
9920,5
3802,2
6599,0
8354,5
5573,5
715,5
3211,4
414,5
6935,5
2993,4
7976,5
7982,2
3127,0
1827,5
4589,5
8880,5
7109,4
6946,5
9568,0
9155,5
890,4
8361,5
6892,5
7785,0
2545,0
9407,0
3934,0
8628,5
8041,0
5316,0
7826,0
8124,0
3087,5
6865,0
3827,5
2518,5
2385,0
3221,5
2673,4
9147,5
2302,4
7471,0
8140,0
4933,5
9397,5
4879,4
283,5
591,0
5348,5
7611,5
4561,5
1273,4
3861,5
3110,5
5295,0
3402,5
9436,5
9021,5
1474,5
8878,5
7602,0
7112,4
9273,0
7047,5
5136,5
1141,5
3840,5
4521,0
3483,5
1714,4
632,0
9386,0
8625,5
9549,0
552,5
9765,5
3727,5
4083,4
7641,0
9366,5
8973,5
1876,5
8712,4
3653,0
6998,5
5122,0
9685,5
4698,5
2620,5
6000,5
3093,1
5431,0
3064,0
492,5
2744,5
5587,0
6579,0
2050,5
4580,5
5334,2
5366,0
154,0
7203,0
4687,0
2390,5
7482,4
7171,5
300,5
2172,5
9827,5
2459,5
1573,0
1596,0
7036,5
5954,5
7685,0
9293,5
2885,5
9937,0
4733,0
2580,5
3562,2
4439,5
465,3
8039,0
7473,2
5599,0
4855,0
8243,4
4931,2
6229,5
1186,0
7159,4
2557,4
2617,0
163,5
5738,5
3752,4
4103,0
3965,0
7942,0
483,0
7652,5
5544,5
7679,0
247,0
2678,0
235,0
7288,5
653,5
5956,5
2586,0
1870,0
5570,4
5164,0
9521,0
3266,4
7385,4
4804,4
6549,5
8362,5
5354,5
7861,0
1108,1
3458,0
2582,1
3269,2
7119,0
1784,5
685,0
7296,0
2454,0
7760,0
5194,2
2189,5
1090,0
9758,5
6299,0
9370,2
7184,5
2720,5
6962,0
8824,5
2979,0
8986,5
5994,5
3161,2
7372,5
2092,0
2366,5
6307,0
6304,5
2409,2
1075,5
9876,1
8286,4
4705,5
5375,1
6602,5
4965,0
2716,5
5416,1
8700,0
331,5
447,5
9951,0
5070,5
4874,4
1044,5
3922,4
6060,1
2292,5
7772,0
4442,0
4222,5
2895,5
3512,0
1018,0
5821,5
5069,5
7182,0
1520,5
2598,5
6518,1
6244,5
8675,5
7031,1
6544,0
3788,0
3671,5
262,0
6458,0
8122,5
2868,5
2519,5
7388,0
943,0
450,0
5630,5
1311,5
7582,4
1858,5
4489,0
3554,4
850,0
8952,5
675,5
7846,2
7656,5
1443,0
134,5
440,5
7710,0
479,4
9331,5
8752,5
7186,0
6718,5
2820,5
6119,5
1212,5
841,5
1569,4
2671,4
5826,0
7440,5
6132,5
7353,5
9312,0
245,2
7467,0
6155,0
662,0
7728,5
1014,0
3702,5
7676,5
8477,0
3264,5
1989,5
4330,0
4712,1
5144,0
1055,5
453,5
6657,0
8181,0
1940,5
2681,5
7686,0
1213,0
6993,0
8781,4
6857,5
950,5
7554,5
1582,0
3915,0
6451,5
5467,4
2790,2
3637,0
8014,0
6852,1
6122,5
1717,0
7914,4
1899,5
5831,5
543,5
3255,5
3787,0
4499,5
3130,5
5631,0
9006,4
1523,5
1390,5
7273,0
2606,5
4956,4
5597,2
1895,0
1753,5
8259,2
7046,0
4558,4
3563,0
5341,0
7149,5
8425,2
7746,4
9091,0
4532,0
4259,0
5190,0
7362,5
5903,1
3247,0
252,0
2534,0
2379,5
792,5
5009,5
3459,5
9917,5
6709,0
4070,0
859,5
4535,4
8771,5
4766,0
7736,0
2850,5
2306,0
2505,5
2772,5
8307,1
74,0
5462,5
4642,5
8889,0
9272,3
2465,0
8238,0
309,5
7139,0
407,4
3810,0
5435,2
6051,5
5480,5
4901,0
9493,5
2893,5
4270,0
9166,5
6336,0
330,2
2169,2
1967,0
1429,1
8503,0
6032,5
8105,5
7547,0
6915,1
17,0
7406,5
8968,5
4155,5
5707,5
4486,5
5287,1
2566,0
3617,4
12,0
2445,4
8975,0
388,4
6295,5
7855,0
5033,0
5662,5
1372,0
5827,0
6105,0
1240,1
9585,5
8619,0
9770,5
8600,0
1441,0
4183,5
5744,2
512,4
4775,5
5696,0
1724,5
3648,4
6101,0
4127,0
2148,5
932,0
3232,4
2844,4
439,3
1774,0
3742,2
6881,0
2122,5
7478,5
7596,5
965,5
177,0
1856,4
4774,5
7882,5
4917,0
4088,0
6356,0
6104,0
2819,5
6466,0
9243,5
2814,5
7074,0
5074,5
8494,0
7403,5
7187,5
3254,0
1621,4
7395,0
7059,0
9162,0
9582,5
4594,5
1391,5
8826,4
3837,5
2145,0
6164,5
5611,5
187,5
1983,5
4389,1
2891,4
4224,5
9123,1
9113,0
5699,0
8987,0
5838,0
1096,4
4094,5
2501,0
9011,1
4977,5
5115,5
7659,5
4273,0
1917,0
8395,0
5751,0
3384,4
1126,4
5225,5
4385,5
6191,0
4255,5
7664,5
906,4
5995,5
5817,4
5028,2
8067,5
2115,5
9880,0
3106,5
1414,5
4724,0
800,0
6429,5
8898,5
3744,0
5249,5
8443,5
5079,0
5788,5
7129,0
7295,0
905,0
6081,0
1897,5
6669,0
5289,5
7014,0
544,0
8698,0
9830,4
3881,5
1907,0
6143,1
5320,5
8864,5
6905,2
6521,5
3037,0
7515,2
6887,5
5593,1
1860,5
7354,5
5921,4
867,0
8540,0
847,4
8158,0
5187,2
9973,5
6276,3
8330,5
325,0
9971,5
7326,4
8245,5
6240,5
6381,5
4889,0
7227,5
8191,1
4348,4
2686,5
1433,5
7346,4
6739,4
1538,5
6734,0
999,5
5513,5
314,5
1163,5
4823,4
3332,5
5669,1
1579,5
7221,5
6023,5
8374,5
2422,5
6999,5
6306,0
9771,0
6722,1
7195,5
941,5
6474,0
2276,0
3417,0
7876,5
8785,0
469,4
9855,5
7543,0
2369,5
2955,4
9167,0
8356,0
4346,0
9860,5
5180,1
6921,1
6957,2
4124,5
4737,5
6896,0
3293,2
5704,5
2762,0
6129,2
2174,0
3419,4
1824,0
6849,5
9801,5
3329,4
4475,0
4631,2
1761,4
1574,5
4447,0
3495,5
6169,0
7560,1
5264,0
7028,0
9145,5
8016,5
6167,1
3662,5
9348,0
1227,2
4186,5
5055,4
3206,0
7161,0
2571,5
8192,0
1645,5
3497,0
8874,4
2281,0
381,5
9542,5
8095,5
5468,5
5011,5
704,5
4188,0
618,5
1644,0
6741,0
1509,5
5517,4
223,0
9584,0
8764,5
77,2
2322,5
1024,5
8631,5
6318,5
2684,0
3505,5
342,5
5128,5
8666,4
2345,5
9703,0
3886,0
2642,5
490,5
7978,5
3680,1
2275,5
8565,0
2442,5
6016,5
8877,5
8141,5
817,4
8446,0
9335,5
1,0
1874,2
1245,0
2456,0
6501,5
1222,4
6773,5
6845,5
8487,1
8901,0
2059,4
5963,5
5429,5
6075,5
6587,1
2994,5
8009,4
5934,4
2970,1
2196,4
6541,5
8670,5
9878,0
8381,5
7824,1
1295,0
2485,0
8747,1
9790,4
1188,0
3719,0
5216,1
3627,0
4793,5
1217,5
9179,5
4422,5
7511,5
7276,0
5275,5
5650,1
667,0
7872,5
4969,1
56,5
3034,4
5598,1
3420,0
4093,5
703,1
3557,4
7505,0
6615,5
7530,5
8208,0
5530,5
4216,5
6219,2
8326,5
4097,5
6906,0
8629,0
8162,5
9843,1
8037,0
3942,5
3758,4
8636,0
6297,0
6124,4
2747,3
5441,5
2256,0
7419,0
6522,0
1191,5
3606,0
1086,0
8617,4
3982,0
1113,0
274,0
1341,5
1180,0
5561,0
2523,5
5794,5
3624,0
5103,5
6861,0
5250,5
9981,0
5339,5
3895,5
9853,0
870,5
5233,0
767,2
1953,5
8174,1
3943,5
1121,0
5874,5
1961,0
1793,5
3776,4
863,5
2722,0
4441,0
8242,0
7443,0
8006,5
6406,0
1316,0
8266,5
6363,5
6411,5
5488,5
1216,5
4092,0
9035,5
2338,0
6841,5
478,5
3461,5
8046,5
6860,0
4665,0
5306,5
574,0
1456,0
7682,4
5899,5
3668,0
6917,0
5131,5
5885,0
5059,0
8846,0
5116,5
7393,5
3806,5
9171,4
3740,0
1233,0
7426,5
4007,2
2561,4
8632,5
6765,0
7328,5
983,3
6800,0
8397,5
3360,5
2104,5
1408,5
9866,4
6157,0
7399,4
8723,5
3722,4
5898,5
979,0
5430,4
589,5
7404,4
1173,4
7749,0
8797,5
8367,5
7178,5
5309,2
1480,0
412,5
3743,0
6296,0
3630,5
6536,5
78,5
8456,5
4394,0
1598,5
3956,4
9616,5
1178,0
8160,5
2386,5
7759,4
5526,0
7253,0
3452,0
7729,0
3237,0
2640,5
5644,4
8202,5
438,0
971,5
8861,2
5288,5
4221,5
2305,0
9698,0
9773,0
1926,0
1337,0
3587,2
7304,5
6107,5
3076,5
628,5
409,5
9760,5
5836,0
5759,5
1198,5
7637,5
2679,0
9393,5
5395,5
5330,5
4109,5
6627,5
760,4
8139,0
5940,0
4752,5
4078,4
7285,0
5063,4
9960,4
7918,0
6746,2
9793,0
5758,0
5231,5
1458,5
4578,4
3111,5
693,0
5088,5
6216,0
6658,4
9469,4
5635,5
2017,2
2984,5
2351,5
5629,0
6837,5
8096,0
6002,0
6484,4
6964,5
5424,5
6955,0
8234,0
9432,4
1418,0
878,0
1483,0
55,4
9071,5
1318,5
2633,0
4122,5
1238,0
1513,5
8327,0
2828,5
5473,4
8033,4
6199,4
6607,5
5096,4
7829,5
3928,0
4492,0
4149,5
6389,0
178,5
7344,0
4603,5
8492,0
5648,0
9193,0
3590,0
4822,5
228,0
818,0
9180,4
29,0
561,0
8417,1
4101,0
4128,1
3010,1
7890,5
8860,5
3006,5
5454,0
5502,5
3539,5
5492,0
8343,0
1802,0
9510,1
702,5
7597,5
2317,0
1444,1
2950,5
3517,1
9046,0
7209,5
2881,0
8008,0
5621,1
6192,5
2337,5
8398,0
5497,5
9339,0
7117,4
5917,0
5506,0
3297,2
3238,5
6776,4
6919,4
4985,5
4995,0
4928,5
9437,5
4084,5
6195,5
2665,5
6829,0
869,0
3233,5
4769,5
6893,0
3050,0
2677,5
5470,0
5772,0
3078,5
1138,4
7920,0
2694,0
7835,0
4585,5
7740,5
5767,0
6309,0
927,5
4310,0
6039,1
9578,5
3369,5
7562,0
416,4
5125,5
2086,2
4054,5
6197,5
2754,5
136,0
4842,5
1122,0
25,0
657,5
5498,0
8641,5
3432,0
3296,0
1258,5
6446,4
4847,0
1270,0
1449,0
6517,1
9244,4
2437,5
3990,0
6247,0
8468,0
2158,5
588,0
970,5
6891,4
9859,5
6043,0
3184,4
7881,5
2708,0
4240,4
3334,0
1759,2
2181,5
6781,0
5419,5
4263,0
2272,5
3825,5
9119,5
7004,5
3226,4
3068,0
24,5
4902,5
2587,0
8635,5
5875,2
4246,5
7721,0
9050,0
8946,0
9239,5
780,5
9092,5
4960,0
2760,5
1197,0
8292,4
1049,5
3411,5
2831,5
3800,0
2443,5
1271,0
1750,2
8958,0
4846,5
5058,5
1889,5
3060,0
8360,5
73,5
9976,5
2985,0
4044,0
7950,0
5234,5
992,0
5595,0
6398,0
3216,4
1905,0
3086,1
9576,4
6527,5
7246,5
1738,5
9680,0
8038,5
1503,2
2564,1
1631,5
2102,1
266,5
9225,5
2631,5
6910,4
3586,4
2585,5
6203,5
7671,5
9671,5
2214,3
8336,0
4427,5
7857,5
3959,5
4343,5
4469,4
4476,5
8512,5
6335,5
4732,1
6760,0
1587,5
7303,5
5427,5
6710,5
3699,0
4526,0
9202,4
3913,1
3024,5
3996,5
8383,5
1175,0
7859,5
4992,0
1690,4
6038,5
1280,0
3350,5
5282,4
687,0
5661,0
638,0
8761,0
3654,5
9125,5
9361,0
1360,5
7386,0
4629,5
3287,0
6413,5
196,5
4591,0
5032,5
3785,5
5075,0
2075,0
5397,5
8034,5
7396,5
8030,5
147,0
797,0
8815,0
2286,1
4067,0
2028,5
5105,1
5614,0
5718,5
1473,1
722,5
9553,5
106,4
5643,5
4485,5
1472,5
9309,0
8746,0
7843,5
299,4
170,0
3326,5
3803,4
7050,0
3674,4
9468,5
3619,1
415,0
6594,0
4860,5
3923,5
2956,5
630,0
5046,0
162,5
8605,5
9265,5
9068,5
9009,0
2255,0
7118,0
7971,4
9064,0
4341,0
8421,0
7432,0
9098,5
7536,0
9088,5
5321,0
5849,0
6225,5
3871,0
8983,5
7778,5
6333,1
7500,0
9519,0
2876,5
8890,5
7451,5
6586,0
6738,5
2579,0
9086,5
3020,5
3541,5
5247,2
9924,0
5542,0
1979,5
6018,0
1057,5
3658,0
7078,5
6506,0
7771,5
92,2
1234,0
6481,2
1013,5
5796,0
3863,0
7836,0
9139,0
190,0
7791,5
7935,0
1531,5
2682,0
6050,5
2812,5
3894,4
4819,0
3176,5
4772,5
105,1
3413,5
2301,2
6566,0
8966,0
9424,4
858,1
5524,4
9949,5
3430,5
6231,0
4160,5
7438,4
5910,4
725,5
1679,5
6692,5
5245,5
1363,5
8602,0
9022,5
8056,5
7988,0
3781,0
912,5
6661,1
7793,2
390,4
6284,5
5469,5
4818,5
7301,4
4357,0
4994,4
7247,0
2243,5
8091,1
3123,0
3121,0
3957,1
718,5
3256,0
6502,0
7163,0
5607,0
3048,4
420,0
2197,1
3117,0
1937,5
9311,0
4115,1
534,5
548,5
5680,2
298,5
7120,5
7583,5
7481,5
2170,1
7375,0
7516,5
1385,0
3207,0
3135,5
6853,0
9882,5
6913,5
5771,0
5487,5
4184,5
5739,5
7176,5
97,5
4605,5
4799,4
2794,5
9237,0
7738,5
9131,5
5525,0
5904,4
6007,0
4896,0
8799,5
6766,3
2526,1
7758,5
2539,0
8123,2
1070,0
296,0
49,5
8416,5
1243,5
9042,5
6791,5
